case,nu_prev,s,alpha,closed_form,independent_argmin,abs_error,objective_gap
0,4.129312727835789,3.8396570723944983,1.392650610676218,3.8434879211284754,3.843487921146662,1.8186785410989614e-11,0.0
1,4.158307289941716,1.6519287324451515,117.41327405981478,1.6534267794482354,1.6534267795252735,7.703815363413469e-11,4.440892098500626e-16
2,3.72038609822647,6.133168213440248,0.006659280094449889,4.88097247611298,4.880972476131021,1.8040680060948944e-11,0.0
3,-7.078003627268798,-5.975673877771026,4.9959009842243205,-7.069599878870088,-7.069599880604757,1.7346692970932054e-09,2.5757174171303632e-14
4,7.759691153041951,1.4947038971418927,13.166996514403088,1.5115641680610619,1.5115641729117526,4.850690737967511e-09,0.0
5,-1.6897163045315935,-2.7207243388574653,0.0046255439734250794,-1.6902652460438445,-1.6902652496837933,3.639948786826608e-09,6.328271240363392e-14
6,-6.073644373123239,-6.20324662035431,0.017718580485761685,-6.073649332598325,-6.073649332598325,0.0,0.0
7,4.811036245893728,5.653995270380214,1.8777412886913114,5.651534013457903,5.6515340136839916,2.2608848126992598e-10,0.0
8,-7.7529442525775885,4.382498194071516,10.723497249381067,-1.0014391973397387,-1.0014391960137214,1.3260172959661531e-09,0.0
9,-3.3729300875528345,-4.743293040435777,1.523066507332926,-3.410657979836589,-3.4106579798736876,3.709876850166438e-11,0.0
10,-2.5712075186319883,-7.689467017540403,99.41310506098898,-4.678417111558395,-4.678417115049935,3.491540390143655e-09,4.440892098500626e-16
11,-4.848423921010564,6.047854242227643,129.44443508413204,5.362111730856066,5.36211172707964,3.776426282797729e-09,0.0
12,3.9959437710916728,3.0895903458576157,0.002999646690355502,3.908660630967934,3.908660631000717,3.278266547113162e-11,0.0
13,7.880537442010187,-1.4211393228635423,0.525311287296229,0.7624537331274164,0.7624537334142258,2.868094650665398e-10,2.220446049250313e-16
14,-2.3622861100427794,7.971887071032834,0.035571722835037366,2.279704027427408,2.2797040288446726,1.4172645279586504e-09,2.2737367544323206e-13
15,-7.370754547158773,-3.61514945421154,8.549386734746498,-7.169034674134284,-7.169034674134284,0.0,0.0
16,-2.3329157813305184,-4.614408968403296,3.269790319239005,-2.5765484859486345,-2.576548482138936,3.8096983345781155e-09,0.0
17,-0.315309566494852,7.854781202408406,0.0193309791345419,3.5992878645265463,3.5992878617629276,2.7636186672452823e-09,0.0
18,-2.4683348409022656,-1.6527607761651169,0.3978210021998939,-2.4280571488420035,-2.4280571488420035,0.0,0.0
19,0.7192950720300519,3.361281341462652,0.5559080462052285,2.7925584657182965,2.7925584657469367,2.8640201321650238e-11,0.0
20,4.031868109479085,4.033183320372544,0.009924909734744447,4.032340126515959,4.032340120141956,6.374002659015332e-09,0.0
21,-5.519285311975786,1.340608496157662,1.0289575442216496,-3.9276518627828496,-3.9276518623908943,3.919553570597145e-10,1.1368683772161603e-13
22,-1.6053546729175618,2.406371760947197,21.11515018447043,2.198887405212307,2.1988874015505937,3.6617131549121495e-09,0.0
23,-3.0367008788275722,4.598230326050665,1.8233114949534173,2.0838042111347876,2.083804183361789,2.777299856759896e-08,0.0
24,-0.7053518002180859,0.9576573223629676,1.7886688769863301,0.395041410711244,0.3950414179057563,7.194512319230739e-09,0.0
25,-7.702038301633731,4.008219352151462,2.270518455439696,-2.866867428798395,-2.8668674295104855,7.120903866564277e-10,0.0
26,-0.9772818485027965,6.666945917353701,104.23424677264823,6.641784837515621,6.641784833584742,3.9308787336267415e-09,0.0
27,-5.622158384543193,4.726289319930473,0.27040480657465965,-2.1724439771977146,-2.172443981848771,4.651056428883749e-09,4.547473508864641e-13
28,5.185167635291524,5.504404455152002,2.0150528911958685,5.503646894379527,5.503646894460285,8.075851098965359e-11,8.881784197001252e-16
29,5.996805707872822,-3.3942150783952787,0.023305181449673834,3.658478156694675,3.6584781567135525,1.8877344132306462e-11,0.0
30,-2.6878923936097294,5.604381398939978,63.99132872289663,5.397645161432667,5.397645162578882,1.1462146787266647e-09,1.7763568394002505e-15
31,7.112299846850652,-3.1455908561835635,117.31335023509891,-2.9649061971381574,-2.9649062080119393,1.0873781874920496e-08,2.220446049250313e-16
32,5.986936681659843,2.2658858081174547,2.1734051281947973,2.311357553222771,2.3113575541843634,9.615925833372785e-10,4.440892098500626e-16
33,-1.1534445322015756,-0.4928259466851408,168.9328743196986,-0.501768409451437,-0.5017684201167328,1.06652958686837e-08,0.0
34,-3.4070299761056084,0.9404183811637008,25.645633509643897,0.17774999947833892,0.17774999673390204,2.744436872204048e-09,0.0
35,-0.05792019095268586,-0.9423716816014291,0.04700854925076867,-0.08317389908293339,-0.08317389910787362,2.4940230436421018e-11,2.275957200481571e-15
36,-3.3904399699106094,4.304146070368139,0.16721378620569055,-0.8026842335085943,-0.8026842340578073,5.492130084050473e-10,0.0
37,-2.224118352342712,0.3755370299571368,0.07013624738233276,-2.134456172508653,-2.134456162181292,1.0327360744355474e-08,5.329070518200751e-15
38,-6.1603869039983365,7.102139344651912,0.015324992072560729,-3.1842183277444933,-3.1842183276585514,8.594192024702352e-11,5.820766091346741e-11
39,-2.239182754920927,-6.341495757680189,17.545701515439706,-3.2628498100623613,-3.2628498100334915,2.886979544314272e-11,4.440892098500626e-16
40,-6.4350106682958295,7.644633061159384,0.01726492725969996,-2.822139465100151,-2.822139465985404,8.852532040748429e-10,1.4551915228366852e-11
41,6.036667977871,1.2460121259972823,0.013841297692567171,4.167841033100071,4.167841020322928,1.2777142899267346e-08,0.0
42,1.4383421868930188,3.6408814006430816,6.750152611830223,3.6102056634701025,3.6102056652695738,1.7994712386837364e-09,8.881784197001252e-16
43,0.3624918523289793,7.257116029111433,3.492732208210421,7.075618409309376,7.075618409140212,1.6916423817292525e-10,0.0
44,-6.105698214636838,-2.6806242045053104,40.45425706067853,-4.864486255037233,-4.864486254942688,9.454570459865863e-11,0.0
45,5.6939826866397265,-0.08617776157807278,0.007721439083392647,4.508986921693573,4.5089869225662635,8.726903644173944e-10,8.881784197001252e-16
46,5.161217717703215,7.085500922790693,8.375965427093742,7.084916436567756,7.0849164406296214,4.0618655106072765e-09,0.0
47,2.133131779406151,-5.652387195763996,0.0025452904394371732,2.111882807451058,2.1118828091664956,1.7154375697714386e-09,4.440892098500626e-15
48,-3.7159426539641025,-0.15562474361585998,0.3751958465942082,-3.4465487505525694,-3.44654874968426,8.683094243622236e-10,0.0
49,-2.3151441943244837,-2.080134039113176,0.0067350632873371475,-2.314968127415965,-2.314968127415965,0.0,0.0
50,4.792052701485581,3.6373019308048917,58.30316903069312,3.6376110479281234,3.637611048484602,5.564784189004968e-10,8.881784197001252e-16
51,-1.5421964616159745,1.114953025287015,115.54350131285787,1.0781245971789142,1.0781245988349835,1.656069281708028e-09,4.440892098500626e-16
52,-2.3072596002544614,7.065437643203477,0.02602312283195243,1.1391159123575636,1.1391159123300247,2.7538860081222083e-11,0.0
53,1.8774406245700792,-5.229627385767726,57.72430944626694,-3.7889518143403174,-3.7889518182917565,3.95143917586438e-09,0.0
54,0.7433929427656203,7.94261255163298,0.19149376944533872,6.696543934410326,6.696543934410326,0.0,0.0
55,-3.524641768716741,-2.448898654947733,0.12973796197326173,-3.5173113204938495,-3.517311318190122,2.303727431041125e-09,1.9539925233402755e-14
56,-3.3745446752665824,-7.426797337312609,0.48423808054112616,-3.3906979106900095,-3.390697908075689,2.6143203157857897e-09,7.105427357601002e-15
57,-2.1366891877802914,-2.998597959433315,0.02495163566340514,-2.1383870363307267,-2.138387034870383,1.4603438458493656e-09,2.842170943040401e-14
58,7.057792160482437,-0.5778275332989402,2.3601417044640964,-0.015661587549141487,-0.01566158488492958,2.6642119066444536e-09,0.0
59,-4.789657945788184,-4.300844334556956,128.09949395992783,-4.508140491065229,-4.508140481271086,9.794143274177713e-09,0.0
60,-7.023495907728567,7.242725023814087,0.05421145503135794,-2.682572789781231,-2.6825727893732596,4.07971434412957e-10,2.9103830456733704e-11
61,4.432255165440486,-6.220575492615906,0.015866168779958653,3.5844133487180683,3.5844133516011656,2.883097316441763e-09,4.440892098500626e-16
62,-1.089063893693826,-1.377740206564427,0.5374710459167152,-1.1282277797676539,-1.1282277797676539,0.0,0.0
63,0.8704110060124535,-4.115384551896442,4.522110755341325,-1.5263423759982333,-1.5263423740174678,1.980765551579111e-09,2.220446049250313e-16
64,-3.437871038365211,-0.5699865881527106,22.3232932695703,-1.3667589838850107,-1.3667589868817083,2.996697556767458e-09,0.0
65,-3.7069045732399175,-0.4673009487057147,2.748367964703123,-2.7707009605393167,-2.770700958837405,1.7019115006178254e-09,3.552713678800501e-15
66,3.6778313400413882,-7.865971747601334,0.16949482177849048,1.6359877926263837,1.6359877931602667,5.338829378587207e-10,4.440892098500626e-16
67,-1.5449573829772536,-0.7750977112444914,6.91549978918053,-1.0196165801009278,-1.0196165773773194,2.723608449883841e-09,1.6653345369377348e-16
68,5.303758460549622,4.482077514234302,0.0037881880279770383,5.026328621702247,5.026328608461786,1.3240461171903917e-08,0.0
69,-7.578638993885745,-0.9280874919309436,5.072588764356759,-6.480871569193613,-6.48087156750639,1.6872228059128247e-09,5.684341886080802e-14
70,0.6833662079837186,3.349014436090263,0.011893943340968624,0.951764051807965,0.9517640524471108,6.391458473586908e-10,0.0
71,0.9186554523021755,2.718519440959298,49.69332719504514,2.7118478636746053,2.711847852700958,1.0973647324163949e-08,0.0
72,-1.919969999130231,-4.537678797746194,0.6435681255886216,-2.003273164410961,-2.0032731610087002,3.4022606953953982e-09,8.881784197001252e-16
73,-2.700034234314977,3.505038820369,0.3764319269647118,-0.1202047832163888,-0.12020478760140811,4.3850193059968845e-09,1.4210854715202004e-14
74,-4.737340712767454,5.252817014113651,0.16784487650541216,-1.2400082982961325,-1.2400082974455526,8.505798287927746e-10,4.547473508864641e-13
75,-4.1808596674710525,-1.4232549561217223,0.3264205197509737,-4.110132006305727,-4.110132004066849,2.23887752781593e-09,1.7763568394002505e-14
76,3.3919331470507377,3.3371818975336254,0.39586710737270736,3.341580452848381,3.341580453048559,2.0017809632122407e-10,8.881784197001252e-16
77,6.321794431852716,5.330169236410908,140.28141787865192,5.330190953197842,5.330190953216321,1.8478552021861105e-11,0.0
78,-6.021182823440549,-1.4384577748936227,0.08224509153682667,-6.002054174635069,-6.002054174635069,0.0,0.0
79,0.39844725619553145,-5.52457839266331,7.628399709680297,-2.0862616189472925,-2.086261618126563,8.20729262329678e-10,0.0
80,-6.110420428309567,4.122357852305422,0.07472860886287909,-4.385840215308459,-4.385840231222171,1.591371212583681e-08,3.637978807091713e-12
81,-0.40870074004235946,1.6744352297870488,0.03181840237322637,-0.2728117616504526,-0.27281175995933993,1.6911126943242039e-09,1.7763568394002505e-15
82,5.019093590187071,6.033942493298024,1.6000929628057972,6.031315982555607,6.031315985502129,2.9465221373925488e-09,1.7763568394002505e-15
83,-7.898487148158434,3.834251135669648,1.1735653830847734,-3.8863724366064427,-3.886372436587684,1.8758772313276495e-11,1.8189894035458565e-12
84,-1.7610280675597991,-6.5968056377227295,0.06018994210800681,-1.771237517780557,-1.7712375177291175,5.143951931074753e-11,1.3322676295501878e-15
85,-6.625534441305755,7.346544063261739,17.549477183076128,3.563065321863127,3.56306532188232,1.9192647471300006e-11,0.0
86,0.7667116983226947,-5.124979883817149,107.37960453250555,-4.186896526464146,-4.1868965259303454,5.338005593102935e-10,4.440892098500626e-16
87,3.7364667983450968,5.290685934291577,0.009019665097424759,4.441684782585682,4.441684787322119,4.736437020369522e-09,1.7763568394002505e-15
88,-2.3391197723792487,-6.9044954444017,7.897231878601304,-2.8973321546920703,-2.897332151120628,3.5714422530475076e-09,4.440892098500626e-16
89,-0.4578084540565097,7.178852911461458,0.00689497541209894,1.8446242699228599,1.8446242595516147,1.0371245195983647e-08,0.0
90,3.1764183702590625,-4.1425373369580125,0.31563098277466006,1.0339957199282819,1.0339957202642887,3.360067779567544e-10,4.440892098500626e-16
91,7.357501617654604,-6.79428756811917,2.764848870860372,-1.0141243517390315,-1.0141243511382372,6.007943031960394e-10,0.0
92,2.848591668145497,-5.442336128836345,8.764883222585476,-2.140096245553107,-2.1400962438540105,1.6990964191165858e-09,2.220446049250313e-16
93,-5.1974118472370225,-2.4867125943186306,0.09226973910321747,-5.1902760818826925,-5.190276080178467,1.7042252054011442e-09,1.2079226507921703e-13
94,5.296499547026444,-1.0344813002531623,124.86455145966187,-1.0122379579243361,-1.0122379579243361,0.0,0.0
95,-5.675472722989577,1.6486566961017601,75.22143351699145,0.0666997064233173,0.06669970281081597,3.612501325855888e-09,0.0
96,0.06814877650829665,-0.8696929180475426,0.2088689127921963,-0.04973631419553334,-0.04973631419553334,0.0,0.0
97,-3.5849599842831736,-1.3237144021600429,0.023756434804735743,-3.579315968260573,-3.5793159665337697,1.7268031449191312e-09,1.7763568394002505e-13
98,0.16548749778334404,6.655208819126292,2.6719980060081174,6.380204171433459,6.380204171453328,1.98685512486918e-11,0.0
99,-4.239210229007076,6.253653230202971,3.0665164622969168,3.0923458623090565,3.0923458839413023,2.1632245772451597e-08,2.842170943040401e-14
100,2.597752459753906,2.2870522723031925,0.33502886001761367,2.3511940250034002,2.3511940250334784,3.007816218314474e-11,4.440892098500626e-16
101,4.344907718758449,1.8608876484665604,10.931862576777704,1.8738290328048501,1.8738290331137848,3.089346556350847e-10,0.0
102,7.152444351983698,-1.8731801059803317,0.3531429595701507,1.0915019265253658,1.0915019265435881,1.822231254777762e-11,0.0
103,3.152291321566434,-6.0083336553992375,0.048579244002911956,2.393359287437097,2.393359287764252,3.2715519182602293e-10,4.440892098500626e-16
104,4.822017347420276,2.1007517162748943,0.00798203733236465,4.196325490479383,4.196325489087796,1.3915872898451198e-09,0.0
105,2.0347341831969636,-1.6318079131266838,6.6219183254600695,-1.079162217995139,-1.079162217995139,0.0,0.0
106,-1.3710210700208183,5.632628682505068,33.6201747357721,5.521933900376833,5.521933901264757,8.879235124936713e-10,8.881784197001252e-16
107,1.8147527705684166,4.515869929255723,101.079585381003,4.514368007929018,4.514368007978249,4.923172980397794e-11,8.881784197001252e-16
108,4.567772255647203,-1.016489916518207,0.02636000000714679,3.3133538385491517,3.3133538385671497,1.7998047496803338e-11,0.0
109,6.8509791022562805,-0.44102429802098797,0.7048254424738287,0.7222573473351765,0.7222573473452488,1.0072276346306808e-11,0.0
110,7.948553981208791,-0.4290252868406377,0.06664955441110526,2.745505059369666,2.7455050549918116,4.3778545233408295e-09,0.0
111,-0.9720441900606875,-3.7234188422090746,0.010762497996928012,-0.9758475785595512,-0.975847576994537,1.5650142293210934e-09,2.8199664825478976e-14
112,3.461094452804492,-3.2026728307403918,2.558755120190691,-0.8527560239058638,-0.8527560238856933,2.0170531911389844e-11,0.0
113,6.667700032311391,-4.013520040212635,0.3615590270300355,1.0203319249019156,1.0203319249197769,1.786126802016952e-11,0.0
114,4.631977173014183,0.3617337790222521,0.3032648423877951,1.523017365458275,1.5230173654763608,1.8085755115748725e-11,0.0
115,-1.1651330350262352,0.8270106008434475,0.017894243811760583,-1.1305985406274017,-1.1305985371571696,3.470232101676629e-09,6.217248937900877e-15
116,1.9029739217578392,-7.916048065758687,95.15787407530513,-4.522974779745386,-4.522974778679492,1.0658940396979233e-09,8.881784197001252e-16
117,-3.1291588444547003,-2.7492655636651975,56.85884081737085,-2.8442571613766323,-2.8442571632460796,1.8694472636582304e-09,0.0
118,-3.7075205822825392,3.5352677409539233,0.014147964690598555,-3.3122276330479803,-3.312227631143911,1.904069346636561e-09,2.2737367544323206e-13
119,5.781973808839208,6.627767254026178,0.013324613527079152,6.514329853478966,6.514329853776839,2.978728375069295e-10,0.0
120,6.26633868653521,7.2238028606054225,5.10620863333907,7.223573758430202,7.223573759152643,7.224407738704031e-10,1.7763568394002505e-15
121,0.8958965721922691,7.034035867212941,119.91717508384012,7.030644637187042,7.030644639926831,2.739788840244728e-09,1.7763568394002505e-15
122,2.0280471035474985,-2.8405070265117107,0.25177536479066226,0.9733565538277205,0.9733565538458555,1.8135049018042082e-11,0.0
123,3.1774941240813916,-0.9951367905732837,3.9295451049001753,-0.48190961896312423,-0.4819096124387364,6.52438780779363e-09,5.551115123125783e-17
124,7.362523526561976,5.5554172517276506,133.59433333808903,5.555441442913796,5.555441437081112,5.832684557560697e-09,0.0
125,7.771057907624874,-4.306220812724977,0.0073106076651320955,4.862437857422713,4.862437860094797,2.672083887489407e-09,8.881784197001252e-16
126,3.674085483264234,-7.444330353572987,267.1313189762673,-5.442692789964983,-5.442692768420881,2.1544102501991347e-08,8.881784197001252e-16
127,1.8613807102818427,-7.580836792627775,1.6409510873858968,-0.5849528767114247,-0.5849528750125387,1.6988860318534194e-09,1.1102230246251565e-16
128,-7.340161455401535,-3.6799327908347426,0.007653115720416312,-7.339973393157917,-7.339973393157917,0.0,0.0
129,2.9058191765809926,-6.042530495861282,0.04696889982193184,2.286106446509978,2.2861064436032392,2.9067388496173407e-09,0.0
130,4.694500549096533,3.6830996319962956,12.697042194578398,3.684358027964741,3.684358029794968,1.8302266369119025e-09,8.881784197001252e-16
131,-6.615273973450256,5.041022912221019,3.6335259827963178,-0.2871254693794448,-0.2871254843676352,1.4988190411013846e-08,2.2737367544323206e-13
132,-6.915180727160736,-5.858787538298394,64.56059746768884,-6.808141109106189,-6.808141107244223,1.8619656927398864e-09,1.7763568394002505e-15
133,0.7818289555768647,0.38711806264663196,3.997873393133124,0.43562398879985675,0.43562398897259624,1.7273948937912564e-10,2.220446049250313e-16
134,-7.555905521086709,-6.996465698469219,0.026907894056764876,-7.55589497075389,-7.555894974699858,3.945967996799027e-09,1.688427175849938e-12
135,3.992495280008203,0.48379523309175987,0.09800798327684919,2.297743063339805,2.2977430657651863,2.425381229187451e-09,8.881784197001252e-16
136,5.9298452806952415,-0.2355765034171764,0.17194979307113642,1.872598089665905,1.8725980896840557,1.815081418499176e-11,0.0
137,5.926372741549175,2.4300383370127356,10.701618278186881,2.4379815778744405,2.437981582277408,4.402967324068641e-09,4.440892098500626e-16
138,5.535956881118448,-7.797912140617971,0.09983438044895918,2.2655536872832416,2.2655536876084095,3.251678926119439e-10,4.440892098500626e-16
139,-0.8729756812707397,-1.5374887958844994,0.9111760316281764,-1.0166564644975475,-1.016656461236947,3.260600456300722e-09,4.440892098500626e-16
140,5.585570203365739,-3.227107153370726,0.004082531121812201,4.849425982008153,4.849425982806467,7.98314303551706e-10,0.0
141,7.718188134464874,1.9132597985367212,5.426086279874007,1.9400161054653502,1.9400161055552878,8.993761291264946e-11,0.0
142,4.863249094245196,-3.8884929096806005,7.80453658256383,-1.90744083124528,-1.9074408303944679,8.508120874495262e-10,1.1102230246251565e-16
143,5.374356127933913,2.093238405565396,12.427414735561092,2.1027372975965184,2.10273729906447,1.467951538103307e-09,4.440892098500626e-16
144,-3.128623644293956,-6.401773329025829,0.27380415290046617,-3.140084942727931,-3.1400849424595974,2.6833379962454273e-10,4.440892098500626e-16
145,5.732009477741146,4.26511078608247,0.012825685879881997,4.779623874481871,4.779623874538291,5.6419757754611055e-11,0.0
146,5.748083429258315,7.989981370363967,0.031117152281105193,7.903249480123943,7.903249480386159,2.6221602666964827e-10,1.7763568394002505e-15
147,3.8941241385195973,-7.598333356896756,188.4022932896482,-5.14844161399667,-5.1484416139793385,1.7331913682028244e-11,0.0
148,5.892079880128314,-0.6312705019913878,7.416329882413492,-0.4057076316123087,-0.40570763156959844,4.271027975732977e-11,0.0
149,-6.582076041482516,0.7304203045184181,0.41646721571942025,-5.959624165434185,-5.959624165415804,1.8380852395694092e-11,0.0
150,-5.166834494525082,-6.001531626168937,6.038258533058673,-5.185854773193602,-5.185854774153361,9.597584949005977e-10,1.7763568394002505e-15
151,3.661058519705829,5.795704248443391,72.5600706321338,5.795391952551174,5.7953919690312174,1.648004310794704e-08,8.881784197001252e-16
152,1.6240744164178817,7.028501783216742,0.007539802052452796,3.838609007038362,3.83860900869862,1.6602581531799387e-09,0.0
153,-7.2732993943059,-0.2205500258896258,2.323318744194023,-6.222871789948895,-6.222871788967389,9.81506431685375e-10,1.1368683772161603e-13
154,-6.069112283322541,-4.976778298771267,29.634848992013332,-5.949460921497987,-5.949460919827502,1.6704850835935758e-09,1.3322676295501878e-15
155,-4.142344435914826,-4.786135378581646,0.004578922345414531,-4.142378963291524,-4.142378961583368,1.7081553949083172e-09,6.683542608243442e-13
156,-5.900236578543833,-7.161624587074055,0.6213728415040533,-5.9014550053862616,-5.9014550083949535,3.0086919622362984e-09,2.042810365310288e-14
157,4.4738121886975915,-0.1469626328741569,0.008852356246117984,3.9069119297247643,3.9069119308900127,1.1652483422608384e-09,0.0
158,-5.936768663009161,2.241869322540147,11.797847961494716,-1.2486932079110764,-1.2486931988152015,9.095874942133264e-09,2.842170943040401e-14
159,3.481802308570172,0.7168022002697647,0.03546797398485919,2.784891350160099,2.7848913502078414,4.774225459414083e-11,4.440892098500626e-16
160,-2.103061628865932,-6.056300219100061,7.607274594619703,-2.742246760801929,-2.7422467595282947,1.273634531173684e-09,0.0
161,5.346863707028108,5.5269133172166125,14.386509733658347,5.52685878155267,5.526858781613147,6.047695677580123e-11,8.881784197001252e-16
162,1.5697639837288122,-7.64408784093721,1.593741265419244,-0.5880429995491885,-0.5880429989278306,6.213578540581466e-10,0.0
163,5.516385397161928,-1.8930424139416644,9.454536046120857,-1.3615110394861274,-1.3615110371380814,2.3480459798719266e-09,0.0
164,-2.1227457154505895,0.3515052743867386,35.78819351824973,0.16117635805773167,0.16117635803769942,2.003225363367278e-11,0.0
165,-2.049569508034299,-3.7088614386841954,0.3377358037889913,-2.0839048908572404,-2.0839048913808242,5.235838429484829e-10,6.661338147750939e-16
166,-6.295629148694156,4.002107429894888,0.028565020087879478,-5.354547294201825,-5.354547279455454,1.4746371235219158e-08,1.8189894035458565e-11
167,-7.056672316318025,6.503850662338358,3.9658143644109587,0.8218558581307559,0.821855859182393,1.0516371107271993e-09,4.547473508864641e-13
168,0.8277444189278587,0.8733924278726093,7.28005245381412,0.8708622076369412,0.8708622182831259,1.0646184711582407e-08,0.0
169,1.439144576944848,-4.645004374293249,7.497512535899685,-1.9761391943569309,-1.9761391942625697,9.436118553196593e-11,0.0
170,-0.6112803432348954,-1.312891311673889,59.7114419476085,-1.2828990336706507,-1.2828990326114207,1.0592300370149133e-09,1.1102230246251565e-16
171,-0.46774461313343707,-4.506318110786561,7.67407272455106,-2.1455166059396213,-2.145516606815335,8.757137237580537e-10,0.0
172,-7.881232120103631,-7.267738418947198,0.01185041478203725,-7.881228328933922,-7.8812283342384895,5.304567451958064e-09,2.793765219166744e-11
173,-1.648497316449122,5.194208632773778,0.2862184238975196,2.260322679718971,2.260322679737353,1.8382184663323642e-11,0.0
174,0.5793895362481809,-4.6664260926282815,117.28293316018782,-4.025921926335888,-4.02592191081145,1.552443862351538e-08,4.440892098500626e-16
175,-5.7872558293478775,-4.8326360895352405,0.045283080354591804,-5.787034037932245,-5.787034037932245,0.0,0.0
176,0.0061563749198843,0.9351118144765689,0.01092579618801935,0.02267623214819426,0.022676233061290768,9.130965081260989e-10,4.440892098500626e-15
177,2.9429600562472533,-2.975387114143473,0.6199438579930016,0.42766942834471333,0.42766943138637037,3.041657037350376e-09,2.220446049250313e-16
178,-3.10569601721771,-7.816880352393092,4.88871168221573,-3.301744228129743,-3.3017442278052647,3.2447822206904675e-10,0.0
179,-0.6646411651900124,-6.55321124191992,0.031705748877952085,-0.6807756482233257,-0.6807756464917676,1.7315581191112983e-09,5.773159728050814e-15
180,6.805114365119353,7.344749469182597,1.4739171628388752,7.344436124949943,7.344436124967238,1.729549836682054e-11,0.0
181,1.1440745337878262,-2.788482573982746,0.15829936550540144,0.7503111676957666,0.7503111702536782,2.557911660261425e-09,1.1102230246251565e-16
182,4.337143436397007,4.023073785352622,29.18767094103359,4.023238974514702,4.023238974828849,3.141469306910949e-10,8.881784197001252e-16
183,4.287085020991666,-3.0833940903354904,336.71594652709865,-3.02061114935837,-3.0206111472373136,2.12105621955061e-09,4.440892098500626e-16
184,-0.6164664196731593,-0.8517698737447379,0.4068577618317112,-0.6549564142269063,-0.654956413229965,9.969413072852262e-10,4.440892098500626e-16
185,-1.1931726296902312,-0.6801485874575413,0.0029510259974901126,-1.192573448924796,-1.1925734422877254,6.637070670834078e-09,7.399636459126668e-14
186,5.5162823515819746,7.076045024732531,4.103052878346183,7.075271508671224,7.075271509563898,8.926734906822276e-10,1.7763568394002505e-15
187,-5.964420515200208,-1.9052815453035485,0.11040396704336368,-5.948411513505292,-5.948411511792637,1.712654906782518e-09,3.197442310920451e-13
188,7.2650345801337455,1.753614475718793,0.028093361419519403,3.697984209616777,3.6979842124883695,2.8715922972821772e-09,8.881784197001252e-16
189,-0.4237394223620594,3.3207354245598957,15.705157200635703,3.2302064612611066,3.2302064612925787,3.147215821286409e-11,8.881784197001252e-16
190,-5.874758060118733,-5.478401331551199,160.28045955539787,-5.734107977110865,-5.734107976040548,1.07031716822803e-09,0.0
191,5.281310737509372,1.0777841581178969,0.002851233985818165,4.84456311695425,4.8445631180308055,1.0765557334480036e-09,0.0
192,3.8333702481507324,2.4528290976462745,0.006934029021497776,3.6328764257382993,3.6328764257971167,5.881739539859154e-11,0.0
193,5.982701602231522,-1.5574475859838373,0.03343410477833078,3.3324752713614796,3.3324752713788537,1.7374102156964e-11,0.0
194,4.804191500143752,-4.339566363788364,0.023282916017763833,3.4587623707878334,3.4587623708057738,1.794031589952283e-11,0.0
195,6.189265465145457,-1.0984920901143944,0.40646114878724543,1.0223088304411192,1.022308830459187,1.8067769502749798e-11,0.0
196,3.5815661435867447,-2.97528640616156,93.37288909838229,-2.7850797845862747,-2.785079780100726,4.485548821264729e-09,0.0
197,-6.5614066298304845,-3.518735114274813,0.035474237904966656,-6.560405991317628,-6.560405983425647,7.891981290697458e-09,1.5827339439056232e-12
198,7.212109966032806,5.249295256558398,0.002647204919250538,6.096662309153957,6.0966623042222015,4.9317554484673565e-09,0.0
199,-7.006206802265178,-2.4161676504426968,0.011064424174032021,-7.00522967238584,-7.005229673075264,6.894236292964706e-10,1.8047785488306545e-12
200,6.442667163656202,-4.249439246988581,1.3849131355383648,-0.3072134029204312,-0.3072134012228087,1.6976224870290935e-09,2.220446049250313e-16
201,6.51284742874647,4.485532494421605,0.07102693376491427,4.612136315955716,4.612136317266797,1.311081021526661e-09,0.0
202,-4.108685555076029,-2.6111128662968017,156.0432919916252,-2.856813550114281,-2.856813550114281,0.0,0.0
203,-4.483771515403289,-1.4850445464553417,0.392141617594721,-4.403097494950358,-4.403097500234773,5.284415571793488e-09,1.4210854715202004e-14
204,3.9975884023444817,-3.8410709348699985,390.2707287671982,-3.7283777946667573,-3.7283777916255154,3.0412419249614686e-09,4.440892098500626e-16
205,-1.6414515803493028,0.6597100313845505,0.023373475343677452,-1.6017512291643101,-1.6017512249807777,4.183532409385293e-09,2.842170943040401e-14
206,1.8981220863617931,7.068379963254317,3.0252622649194487,7.020316295430446,7.020316296222637,7.921912015262933e-10,0.0
207,-7.170076698221665,0.4767596405483818,0.003179004533770181,-7.164971323442272,-7.164971330236109,6.793837492580224e-09,1.9554136088117957e-11
208,-5.200450763750926,-1.18354070562199,0.003964818252635705,-5.19925936380833,-5.19925935887064,4.937689368489373e-09,5.6203930398623925e-12
209,4.331363062757044,-1.3292582657960086,33.977000466413074,-1.224204761183147,-1.2242047552894677,5.893679322355183e-09,0.0
210,3.7150656186990023,-0.9474819730874469,190.71441189698362,-0.934176372232109,-0.9341763705927817,1.6393273405412856e-09,9.71445146547012e-17
211,2.6849294756777926,0.5771221029845677,160.97221554242833,0.580180540042396,0.5801805468730421,6.830646048783251e-09,2.220446049250313e-16
212,5.664733741085195,7.505309809179403,0.07275980468349406,7.466305314984564,7.466305316112605,1.1280407719027608e-09,1.7763568394002505e-15
213,3.9815610248601097,-7.109074825725887,278.4737334708079,-5.424252829423345,-5.42425282940595,1.7394974349826953e-11,0.0
214,6.567710651275087,-6.645348567716683,0.011480430641052843,4.351672139931782,4.351672118641582,2.129020071350851e-08,0.0
215,7.570669237572188,5.433350872630207,0.005324476163965805,5.940044903927109,5.94004490412438,1.9727153244275542e-10,8.881784197001252e-16
216,4.13807374916604,-4.672665576174255,0.04973429119263204,2.723306172904206,2.723306172904206,0.0,0.0
217,-3.611779189047942,7.3862667407448335,0.3468959997941157,2.708218237631799,2.7082182289945935,8.637205617390009e-09,0.0
218,-6.66624967794896,4.547485384166077,22.150607641351943,0.9517677514662992,0.9517677479069211,3.559378125572721e-09,0.0
219,2.9945190893991143,-6.252257154176261,9.784743908334576,-2.2672565655798453,-2.2672565655025885,7.725686756998584e-11,2.220446049250313e-16
220,-3.1351612426656974,3.170779947323954,0.0586100889057345,-2.263719677794065,-2.263719677814518,2.0452972648854484e-11,0.0
221,7.162110781422427,7.8179838185933175,56.59395975725659,7.817977228137922,7.8179772281678614,2.993960634967152e-11,0.0
222,7.653795110527284,-1.9696239277569934,305.14432545198287,-1.9464066776493762,-1.9464066771114823,5.378939516020864e-10,0.0
223,2.766471072793637,-6.20199018048465,13.135765419467328,-2.553857110222218,-2.5538571237344074,1.3512189589448553e-08,0.0
224,5.405068068938906,3.0310911106803147,1.8367061391014143,3.0545850607314895,3.05458506074949,1.8000712032062438e-11,0.0
225,-5.604091908466298,-0.36207562595366305,3.8955765817609422,-4.306707410675501,-4.306707405088831,5.5866697934447984e-09,2.842170943040401e-14
226,-6.884870341808977,4.823467418363316,0.1521046266556345,-3.893243581991606,-3.8932435610394434,2.0952162671505903e-08,7.275957614183426e-12
227,-5.068658193581282,7.796311639960342,2.4589039629419367,3.612186198025004,3.6121861989373905,9.123866107074718e-10,1.1368683772161603e-13
228,3.835196176606418,6.692637325177122,6.928902201396009,6.689704159929131,6.689704168043282,8.114151128779667e-09,0.0
229,-6.73963264325962,-2.2405858333578816,1.4599194342814625,-6.596972499604678,-6.596972507280721,7.676042912407866e-09,2.842170943040401e-14
230,0.4605934921662236,-5.601066855631906,25.609006039783925,-3.1768948876691194,-3.176894887650826,1.829336682135363e-11,0.0
231,5.60336272442971,-3.5876548421668986,0.46939988450445475,0.7613809824085678,0.7613809824263574,1.7789658635081196e-11,0.0
232,5.769640211284077,2.5925446781586263,0.00950142940984498,4.4918261108217425,4.491826101220704,9.601038186701771e-09,0.0
233,-5.616418379142049,3.4461932516570233,0.009686041196546924,-5.351051802636045,-5.351051799239371,3.3966740531354844e-09,8.185452315956354e-12
234,-7.525454051346216,-5.320837076557819,0.13202939197672345,-7.52487999834749,-7.524879996648442,1.6990480133927122e-09,6.656897255652439e-13
235,-0.028133798227587548,-0.1360538440658008,300.4766334531868,-0.13566516908332282,-0.13566516286228764,6.221035186992907e-09,1.1102230246251565e-16
236,7.680904856202908,5.891966027605983,0.7893058815922135,5.894874026028526,5.8948740261087496,8.022382758099411e-11,8.881784197001252e-16
237,7.092292025706971,7.0844285007481975,13.555031404126014,7.084428984982296,7.084428985002429,2.013322841776244e-11,0.0
238,-3.937035735792101,5.504068813126425,1.2195833764952184,1.7453635968670864,1.7453635955470514,1.320034970220263e-09,0.0
239,-2.5897411822030385,-0.19033074354922697,13.450822137724604,-0.7927245634903575,-0.7927245626268403,8.635171466764291e-10,2.220446049250313e-16
240,-6.383596842897299,-6.2668610481473745,0.0033485939815703445,-6.383596142574176,-6.3835961409093755,1.664800741707495e-09,2.171240964798926e-11
241,-6.614188551696792,6.577364290097744,57.39380411408676,3.938978552841283,3.9389785545281075,1.6868244578915892e-09,0.0
242,-7.042290298309437,3.6145079353826564,0.004092008342286014,-6.900838731975482,-6.900838731975482,0.0,0.0
243,-5.335818255339962,-5.835727750252408,0.011021313347839068,-5.335839136215702,-5.335839136226236,1.0533796057643485e-11,3.597122599785507e-13
244,1.3460575864673245,2.8428400706402677,198.70026025918557,2.8418242562763147,2.8418242562943545,1.8039791882529244e-11,4.440892098500626e-16
245,3.3834822515189895,0.4718077403065539,23.610245513663514,0.496452486928348,0.4964524794260959,7.502252097335571e-09,0.0
246,-3.1077942636118685,3.5623199526048968,212.10093192409664,3.4621773358934234,3.4621773359961567,1.0273337736066424e-10,0.0
247,4.710082162865493,5.608333359282904,1.592593683388366,5.604995584054812,5.604995590755497,6.700684451743655e-09,0.0
248,7.098743900487909,-6.304153944140488,28.263587401645232,-3.2912095063295723,-3.2912095041501153,2.179457059270362e-09,4.440892098500626e-16
249,-1.119973854289503,5.0853142816154655,0.23832501636413606,2.4819620758905705,2.481962077563527,1.6729564400463914e-09,0.0
250,-2.1819876631222055,-6.399899826878627,194.63084455550734,-5.035418885572305,-5.0354188838129055,1.7593997370113357e-09,8.881784197001252e-16
251,3.8343999355733036,2.3211774604876467,0.17790218690433407,2.6458992582970797,2.64589925913504,8.379603677610703e-10,0.0
252,7.901114009223747,5.889301744384708,0.2706680579108799,5.898112406464415,5.8981124180168605,1.15524452226623e-08,0.0
253,-2.119468033603358,7.954465367598447,1.8961994301232776,6.269871179038064,6.269871179554937,5.168736549876485e-10,0.0
254,3.4011525061277794,5.963506983018933,0.12068221888242185,5.740683641351596,5.740683645532495,4.180899182415487e-09,8.881784197001252e-16
255,-0.5523184761529141,-2.9905447565623895,1.6389153312801354,-1.1375934062762887,-1.1375934054094583,8.668303852488179e-10,3.3306690738754696e-16
256,6.189144255563608,4.815470466640962,0.20878118304148455,4.843770609135006,4.84377060986592,7.309139959943423e-10,0.0
257,-4.869448036656365,7.740468329267857,2.108593112564977,3.6011881662855023,3.601188166773809,4.883067283856235e-10,1.1368683772161603e-13
258,-7.476013526449986,-5.361662468690447,32.645069994257575,-7.3517920769727105,-7.351792081396678,4.42396785871324e-09,2.831068712794149e-15
259,2.7760627372242404,4.595641104049468,15.612129904000614,4.59230607799824,4.592306078060838,6.259792684204513e-11,0.0
260,6.415152530745788,-1.0792831976037771,2.4272510954188844,-0.28592209005883706,-0.2859220917546219,1.695784845878734e-09,0.0
261,7.445996975261693,3.4108150697983834,182.02423859114668,3.410993219226512,3.4109932197533697,5.268576686034976e-10,8.881784197001252e-16
262,2.5372427114203173,-3.3385646180040904,0.21912913084488875,1.2176926598450708,1.2176926553720593,4.473011516736847e-09,0.0
263,-3.9192345458702196,-4.349730312682542,0.01619441459037872,-3.9193470023426875,-3.9193469962804635,6.0622240560803675e-09,2.2071233729548112e-13
264,-2.880829206253299,-7.795079721513865,0.00253101545704402,-2.880970114207072,-2.880970106209143,7.997928985759017e-09,6.541434061091422e-13
265,-1.7420086256602652,7.022719700846633,0.1702147515131706,3.485859565710079,3.485859545090156,2.0619922658227097e-08,2.842170943040401e-14
266,2.217982527706612,-4.255765115763753,0.006807065047109111,2.1574087167782126,2.157408715606984,1.1712284475606793e-09,8.881784197001252e-16
267,4.993159749810111,5.15187659610914,4.327338579276693,5.151646843313449,5.151646843665663,3.5221425775944226e-10,8.881784197001252e-16
268,-5.027901331303072,-0.8885279463057731,1.0101893036128686,-4.687050508431887,-4.687050506806448,1.6254393386816446e-09,7.105427357601002e-15
269,-2.235542554697103,5.916664375176493,340.91143333527,5.8896107299512925,5.889610722684004,7.267288104628733e-09,0.0
270,7.091737481113013,-7.4782213240737825,0.006165414451703181,4.962225105523382,4.96222510320673,2.3166517593153912e-09,0.0
271,7.047271853395671,-0.6741005875993338,0.0039337095216423895,5.34041560051035,5.340415600567745,5.739497765944179e-11,0.0
272,-6.21200986310825,-5.013582511338287,0.2803545710906253,-6.210710077115527,-6.2107100802950885,3.179561502975048e-09,3.8191672047105385e-14
273,-6.274484360622761,2.125104281460361,0.014804236409303822,-6.157647606579214,-6.157647615594498,9.015283630731119e-09,2.7284841053187847e-12
274,6.511718394513643,-2.2374663883609482,41.15234050462797,-2.0323763362038623,-2.0323763271554887,9.048373605935467e-09,0.0
275,5.423278806580809,-4.98887952894421,0.04966512686619341,2.9176701960245772,2.917670185978384,1.0046193210655474e-08,0.0
276,6.585250260323093,6.24497399206723,6.091731014510092,6.245065829138216,6.245065829309733,1.7151702280671088e-10,0.0
277,-5.5985076163059375,-7.671898495022742,0.008185893006199733,-5.598534118940278,-5.59853411878943,1.5084822280186927e-10,9.130474154517287e-13
278,4.530477745691455,5.655590553922339,60.52297551721003,5.655470322522673,5.655470326090346,3.56767326792351e-09,1.7763568394002505e-15
279,-2.2843903237318575,5.301950115649596,0.7054656749693993,2.606321063124345,2.606321052247132,1.0877213352245008e-08,0.0
280,2.58830123158587,3.72918370051128,59.66069192624954,3.72832731245001,3.7283273125088727,5.886269249799625e-11,8.881784197001252e-16
281,-5.481615174893321,-7.168818624744947,52.24006159853219,-5.63892885602398,-5.638928853917275,2.1067050326450953e-09,0.0
282,3.478858402859128,-7.425802109242909,0.2561307015535478,1.2485186518574571,1.2485186520231333,1.6567613947415794e-10,0.0
283,1.371630913435279,-3.87136484234901,3.9954335570285693,-1.3667711160085856,-1.3667711259739364,9.965350766805159e-09,0.0
284,-7.154150913768055,-1.3890656259988248,15.977592644169551,-5.5604607296672794,-5.5604607289799945,6.872848956618327e-10,1.4210854715202004e-14
285,5.3751506329131615,-6.024587580169957,9.404101122055955,-2.2191486416888164,-2.2191486345840747,7.104741683860993e-09,4.440892098500626e-16
286,-5.62929358143111,-6.597680828895481,0.003113383858442381,-5.629300516703663,-5.629300523171982,6.468319213581708e-09,6.52633502795652e-12
287,-1.0568204660587455,7.966686875801189,0.01800945491703981,2.9058430977235195,2.905843110603722,1.288020268219725e-08,2.2737367544323206e-13
288,-1.6555716522879464,3.818682244666494,4.144734805535745,3.0071387628201705,3.007138763640079,8.199085854698751e-10,1.7763568394002505e-15
289,-3.2546958476121937,4.185629616047056,0.020273780180939387,-2.40845395640784,-2.408453955674402,7.3343819906313e-10,0.0
290,-3.1030417334356226,4.794704444882571,0.03755112870196836,-1.3929571945228496,-1.39295719278643,1.7364196747138294e-09,2.2737367544323206e-13
291,-1.3037812490743157,1.2232068846787332,0.11753398134006941,-0.9991582472463858,-0.9991582455484301,1.6979556649587835e-09,1.7763568394002505e-15
292,7.002626838625135,-3.6574535689528744,0.025226551501975777,3.645090612610169,3.64509061264056,3.0390800986879185e-11,8.881784197001252e-16
293,-7.7219319799703605,-0.42333060969911074,42.88082163631944,-4.370664286243596,-4.370664286243596,0.0,0.0
294,3.171010250659151,0.13255292812129937,0.003279939789609729,3.0994866037887157,3.099486602963388,8.253278060976754e-10,4.440892098500626e-16
295,0.8799048176504307,-5.597246399078831,24.73735179047328,-3.1371829555629116,-3.1371829374540163,1.8108895272206382e-08,0.0
296,-5.287760274884757,7.972744446185402,0.0032171471962626247,-2.9524992096373235,-2.952499207890704,1.7466192936410607e-09,5.820766091346741e-11
297,-4.4645937324395675,2.7489151961018052,6.346592520994095,0.07177207024811613,0.07177207141570316,1.1675870270622113e-09,1.4210854715202004e-14
298,-0.011325431636228345,-4.6472406305277065,0.0040143634071691464,-0.015248241746579946,-0.015248232182436677,9.564143269025216e-09,1.8604909279851256e-14
299,-6.841810078458085,-7.510555108957272,6.850558574977827,-6.8453588397914675,-6.845358832591072,7.200395835127438e-09,6.217248937900877e-15
300,-1.7017945811732407,4.230310047832285,0.10875306953637913,0.41575060866008356,0.41575060867830527,1.8221701925114075e-11,0.0
301,-4.544612798258241,-1.4572380076044578,0.13333540112476555,-4.515449756668295,-4.515449754973238,1.6950574277529995e-09,4.618527782440651e-14
302,2.384600550951868,-2.0569768703859364,0.7208840642527794,0.29516737005373717,0.29516737007190114,1.8163970327833567e-11,0.0
303,0.17941593477214113,-3.5240454999560207,0.1368857170810111,0.03176448274546162,0.03176447555767693,7.18778468689063e-09,3.885780586188048e-16
304,-5.586520912147559,5.103170572006222,25.600878338449032,2.6678891580665374,2.667889143723813,1.434272434153172e-08,1.4210854715202004e-14
305,7.61099632916623,-6.070714036988578,20.005386357897006,-2.950858963075615,-2.9508589466376147,1.6438000294272115e-08,4.440892098500626e-16
306,7.234875822007622,0.23586381195242012,0.9105690175790985,0.8596550869285888,0.8596550890246151,2.096026241460436e-09,2.220446049250313e-16
307,4.558761502389112,-5.7378149287286835,68.20040599281454,-4.023976133645067,-4.023976133565081,7.998579576451448e-11,4.440892098500626e-16
308,2.509502344933173,-6.897596098436212,0.003241478007409337,2.4704134573418854,2.4704134573418854,0.0,0.0
309,-5.8617579140590905,7.406740572639139,0.014024029708743073,-2.679657931749549,-2.679657927877289,3.872259846104953e-09,2.9103830456733704e-11
310,6.168288860706866,0.19929549051075668,0.04310749266532148,3.147884182186599,3.1478841822054577,1.885869238549276e-11,0.0
311,1.245645085255351,-4.671017840313191,0.0051258407331090175,1.2280366737351118,1.2280366754666379,1.7315260336658866e-09,1.9984014443252818e-15
312,-2.8773433150852306,-0.19322156655361944,332.59845900281334,-0.24162157715834187,-0.24162158070106413,3.5427222544459624e-09,0.0
313,3.703460705912974,6.51076769050783,74.59041366999891,6.510457372847977,6.510457384709145,1.1861168047744286e-08,8.881784197001252e-16
314,-1.3836368711996165,7.26676832428428,30.32195312184939,7.143187499004229,7.143187499024439,2.020961176185665e-11,0.0
315,-3.2932342627107793,7.492365314138702,23.009986446430545,6.71749941914741,6.717499419167381,1.9970691766957316e-11,0.0
316,4.39033317512269,2.635416933114069,161.23869467874405,2.6357845683128875,2.635784568658078,3.4519054281645367e-10,4.440892098500626e-16
317,-0.5835294684470753,-1.382853287944858,0.7776787132908719,-0.7656970038078769,-0.765697000329174,3.478702881309914e-09,3.885780586188048e-16
318,-4.105774621458339,-3.7890814727809836,0.25417379562396825,-4.104221932981451,-4.104221934009245,1.027793850028047e-09,1.2434497875801753e-14
319,-3.16011451238969,5.0440911380395566,4.056351824790755,3.127073953886766,3.1270739552640414,1.3772756268792818e-09,7.105427357601002e-15
320,-3.2784388194741325,-0.41976845856815004,0.05281685955017153,-3.2463050123201524,-3.2463050126018222,2.816697985963401e-10,1.7763568394002505e-14
321,-3.1346600410226966,1.7536449923062296,0.01292792471808642,-3.063211836561104,-3.063211824503768,1.2057336018500564e-08,1.1368683772161603e-13
322,-3.4361566353453643,3.119103161398675,68.52308556042172,2.7458527646180295,2.745852764635585,1.7555290554582825e-11,0.0
323,3.654505481494791,0.21813995152940002,0.04737504239911441,2.6711387267374254,2.6711387220350766,4.702348732621431e-09,0.0
324,0.9830861367762775,-0.851883222267837,1.058654084307049,0.013052643585854895,0.013052650105153395,6.519298500345938e-09,1.1102230246251565e-16
325,6.460458372586663,-5.871396597846855,0.04091194667042254,3.158930794560503,3.158930794626956,6.645306527275352e-11,0.0
326,5.990784094074913,5.878250705623678,212.41558295346093,5.8782521084069455,5.878252111857625,3.4506797419453505e-09,8.881784197001252e-16
327,1.9825681917293192,-5.0227000239901205,0.01889173811718892,1.854141231686748,1.854141229671138,2.0156101232515766e-09,4.440892098500626e-16
328,-0.1590485237090249,-3.4514399075837403,0.004652059822299745,-0.1628612102832602,-0.1628612086102883,1.6729718999020093e-09,3.104461132608094e-14
329,-2.0278072830242504,-2.27843762310966,0.09623795355291814,-2.0305842008461332,-2.030584199897331,9.488023700043868e-10,5.773159728050814e-15
330,-6.787065417371576,-2.4105094238806615,334.86960534130793,-3.6716155182018144,-3.671615520093839,1.8920247590870076e-09,0.0
331,-2.9012349893109253,-5.048003778830328,9.382283318327197,-3.2585417059049164,-3.2585417053758885,5.290279325720348e-10,4.440892098500626e-16
332,-0.2728194268802593,-7.710234596809691,1.0212093586978352,-0.8474996120727594,-0.8474996228720827,1.0799323324484078e-08,0.0
333,-4.58530780758805,0.8767840280887427,59.60496856980271,-0.08882334830260058,-0.08882335526603533,6.963434745488328e-09,0.0
334,6.491293939311909,-3.043471330872306,0.10213171754387819,2.2716085302991225,2.2716085308314553,5.32332844471739e-10,0.0
335,-6.864745248359425,-6.627285472404539,2.0777964441327192,-6.864165300788718,-6.864165294435901,6.352816939170225e-09,2.930988785010413e-14
336,3.475187832291663,6.983576237180255,0.01708829858751632,6.002672702824788,6.002672704461962,1.6371739519627226e-09,1.7763568394002505e-15
337,6.055098875333675,6.789874990080213,0.007481477236881189,6.657233739902835,6.657233741874552,1.9717170118838112e-09,8.881784197001252e-16
338,-0.971876433665896,6.327838553036271,8.085662835636409,6.045242354104828,6.045242354124317,1.9489299063479848e-11,0.0
339,-0.5813606227100241,6.460095942242445,0.00264714895936714,0.40738983077873436,0.4073898353242265,4.545492149343744e-09,4.547473508864641e-13
340,5.832591538360944,-7.6602636497927,0.006208110363669112,4.6952528566888,4.695252858357218,1.6684182924109336e-09,0.0
341,-0.4390513327418475,7.7357588370023205,20.76827519160479,7.663745277236618,7.66374527933894,2.1023218721438752e-09,0.0
342,-7.9570828299986776,2.517574722997985,0.004909252851410408,-7.8979977450268235,-7.897997743214991,1.8118324618399129e-09,8.731149137020111e-11
343,6.293229241090289,-0.2639202927579323,1.9410804785351685,0.24841411609653186,0.2484141169379286,8.413967300668901e-10,0.0
344,-0.0690417980652942,-2.4310135646350997,0.005887522250304178,-0.07400384919146288,-0.07400384919146288,0.0,0.0
345,-3.5593802548577393,3.0579567051050436,0.688914582334698,-0.827501442905263,-0.8275014474900126,4.584749691005641e-09,0.0
346,-4.756487042974088,3.3814494821746504,21.738935885778698,1.5343167900609405,1.534316790569068,5.081275400442564e-10,7.105427357601002e-15
347,7.055180431357591,2.9189544828966145,0.6493533200163731,2.997494774185851,2.9974947851558427,1.0969991581788463e-08,0.0
348,-1.13975038390363,-6.981913259979459,47.108673922062806,-3.8738933332249363,-3.873893331505986,1.7189503154213526e-09,4.440892098500626e-16
349,1.8034904597432888,4.71117854968492,12.064371164839931,4.6983624900059615,4.698362490831456,8.254943395513692e-10,0.0
350,-3.7466063024854055,2.217505002845991,0.865116384586426,-1.5756577125530793,-1.575657711787257,7.658222944684212e-10,1.4210854715202004e-14
351,-0.7694141349382644,-2.123208621280485,28.107835921706744,-1.9368713294527535,-1.936871338486022,9.033268577596232e-09,0.0
352,4.1278669924249005,-4.15398280907873,3.6910302466893627,-1.2539242888158935,-1.2539242880782284,7.376650401624829e-10,0.0
353,7.960637720759419,7.1742010464077755,260.71587182893086,7.174202646487311,7.174202647286769,7.994582773562797e-10,1.7763568394002505e-15
354,-7.474458979936815,-2.4448199581739924,0.08283581538268323,-7.46734634706744,-7.467346345326463,1.7409771402299157e-09,2.6716406864579767e-12
355,-0.6153085491335091,0.36966190642695373,0.28684740837725586,-0.41221054440914495,-0.412210543461288,9.478569595877673e-10,8.881784197001252e-16
356,-5.349627916345495,7.684346881353557,2.152215558895825,3.091259518434284,3.091259518932605,4.983209400677424e-10,0.0
357,-4.2791064809917465,1.2977316658615798,0.007187992164347566,-4.253231235272244,-4.253231245155372,9.88312809369063e-09,7.389644451905042e-13
358,2.6238149466511107,0.24257910413274075,0.045996199454556304,2.1896275305637993,2.1896275331645034,2.600704096522577e-09,4.440892098500626e-16
359,3.070765785861118,-7.856233825714892,0.575767933874426,0.47479133311040167,0.47479133369647397,5.860723018003e-10,2.220446049250313e-16
360,6.2677007645520355,4.499767152501152,10.564812542734193,4.500638850907579,4.500638851420746,5.131663982638202e-10,0.0
361,-7.03003445789318,7.376860117608556,56.61207570502207,4.334177341187603,4.334177314112596,2.7075007125176853e-08,0.0
362,-2.2791799451565957,0.4193643877968576,0.13331929576547547,-2.108101490876242,-2.1081014884051994,2.4710424817442345e-09,1.0658141036401503e-14
363,2.3144630701610183,3.7111522718636625,0.0025360789287058685,2.387816516559874,2.3878165182038122,1.6439383188071588e-09,5.329070518200751e-15
364,-4.694154847140791,-4.123207360183889,1.0685475942707348,-4.686728614692431,-4.686728614421999,2.7043167705187443e-10,3.552713678800501e-15
365,2.677112459457634,-0.5973413958931921,0.0606364006342179,2.0776857159402833,2.0776857059472564,9.993026850452225e-09,0.0
366,1.9750095261390932,3.535352576506737,0.002561929207174235,2.040957104275562,2.0409571064234973,2.147935163065995e-09,9.769962616701378e-15
367,5.468615242351911,4.321467523732325,155.21491481116385,4.32152591246008,4.321525912890152,4.3007197803035524e-10,8.881784197001252e-16
368,-3.8426085351435653,-7.715078151284377,0.04340923051947242,-3.8435193299368646,-3.843519333806644,3.8697791637787304e-09,5.1958437552457326e-14
369,0.6211137189525964,-1.9278875510085438,0.12127809731983283,0.4350895837667976,0.4350895873940431,3.627245448445393e-09,6.661338147750939e-16
370,1.7363939687351913,0.040873711089187026,351.00522975549546,0.043103107469786295,0.04310310780283432,3.3304802665723443e-10,0.0
371,5.6778565785067485,7.402869228458604,0.9761378494313552,7.399995052997693,7.399995053015166,1.7473134050760564e-11,0.0
372,-7.966074771069064,-2.9538509530137933,0.0047909195782924645,-7.965826673362105,-7.965826673362105,0.0,0.0
373,7.49752451444426,-6.665147334094369,19.471430319952297,-2.944462032653898,-2.944462032875065,2.2116708464636758e-10,2.220446049250313e-16
374,-2.927579707660378,-5.718721990773416,5.4644562632633145,-3.166366847558961,-3.166366842611421,4.947539711253057e-09,0.0
375,-6.636103544562081,-1.3771402976017395,0.006044336673184821,-6.634587656852928,-6.634587656852928,0.0,0.0
376,0.6670102349257014,3.9900396523404833,0.04934786282733338,1.874743849024051,1.87474385885623,9.832179070912161e-09,7.105427357601002e-15
377,-0.6366700918038397,6.284127177735627,0.04356877525608927,2.533184181973297,2.533184193194625,1.1221327866905995e-08,0.0
378,-4.411620244655689,4.791587930849651,0.07541957087928994,-2.101238397035603,-2.1012383902927483,6.742854719021807e-09,9.094947017729282e-13
379,0.17216719648032708,-4.291883433696851,51.574645755651034,-3.4253647612084626,-3.4253647425086964,1.8699766179963717e-08,4.440892098500626e-16
380,0.42541179435371745,-7.001127358687029,0.0169944176783057,0.3997544537820953,0.39975445550829203,1.726196741103081e-09,4.829470157119431e-15
381,-2.563572120030031,-3.651136004556758,0.04245553797221529,-2.565735488169812,-2.5657354816498517,6.5199601273491226e-09,2.0872192862952943e-14
382,2.392646631147148,1.628412201058227,0.009122080766151024,2.34293834043279,2.3429383420088055,1.5760153182498016e-09,1.7763568394002505e-15
383,-5.11011772331862,-5.020106667231769,2.349430831112709,-5.108801728620176,-5.108801733837745,5.217568599391598e-09,6.217248937900877e-15
384,5.539249237942398,-7.495138405992638,0.034833355661661354,3.2503128021496117,3.250312816318789,1.4169177386946785e-08,4.440892098500626e-16
385,3.3682815566155835,1.0308776390559586,0.002995735655952043,3.293258444475966,3.293258447651472,3.175506080310697e-09,1.3322676295501878e-15
386,-6.4706880949252685,0.1835505420023953,11.187552007151027,-3.8177489580289827,-3.817748959540689,1.5117063156822041e-09,2.842170943040401e-14
387,6.111753482738475,2.9267306642756807,3.898818378132488,2.9398092805781095,2.93980928214485,1.566740515102083e-09,0.0
388,3.806952283630693,-6.274203432671131,0.028092346310666635,2.989641525388963,2.98964152571799,3.290265837563311e-10,4.440892098500626e-16
389,0.49503875901777583,5.618768943872457,44.03695616325869,5.605104551185429,5.6051045529358,1.750371403375084e-09,8.881784197001252e-16
390,-2.6385594121991147,7.753422182753702,2.4766408454238236,5.8589780268351195,5.858978040241159,1.3406039833796513e-08,1.4210854715202004e-14
391,-5.4614486255864385,-0.13369595726680217,17.79440649142237,-2.726863038057693,-2.7268630358015717,2.256121067745198e-09,7.105427357601002e-15
392,4.686486781052235,1.0972121025922732,0.005567865050984881,4.230557424305029,4.230557423312254,9.927747512961105e-10,0.0
393,6.27710823911146,2.425626976872996,1.45761423039,2.48323263664773,2.4832326308753276,5.77240255594802e-09,0.0
394,-6.214884046745732,-3.3808738752309004,2.1763824775828375,-6.147803066716704,-6.147803066482609,2.340945215451029e-10,3.552713678800501e-15
395,-0.2249201935373737,6.405414126431058,11.973035748934606,6.306080717246081,6.306080717263343,1.7261747586871934e-11,0.0
396,-7.160937208655584,-6.05505679429039,24.163349521284253,-7.124384050131817,-7.124384048636625,1.4951915261463e-09,4.440892098500626e-15
397,3.007138947169503,-7.428589765628324,16.06261221191284,-2.7700707823652198,-2.7700707766371555,5.7280642451473796e-09,2.220446049250313e-16
398,-4.939860072673845,5.916102737887284,0.028443428251897423,-2.4932514161679378,-2.493251413096879,3.0710589626892215e-09,3.637978807091713e-12
399,1.4379450501564186,-5.024181801320781,0.019618140382591735,1.3586787499168516,1.3586787454692002,4.447651358319149e-09,1.5543122344752192e-15
400,-5.190331647914935,-5.5654388532923615,0.02088255756064783,-5.190368027166617,-5.190368027166617,0.0,0.0
401,-4.4407259515655575,2.13450229285041,72.3891961183794,1.3605099223550616,1.3605099223731154,1.805378069263952e-11,0.0
402,-1.0105019481795185,-4.008969156071089,0.034910892445888096,-1.022497192405891,-1.022497192004338,4.0155301306299407e-10,5.773159728050814e-15
403,-7.324970639168747,-2.5270851320662775,0.04487515658898357,-7.321421471326708,-7.321421467557948,3.768760414857297e-09,2.5011104298755527e-12
404,6.26468352422334,7.001471776328133,0.9162550536599382,7.0003910133128375,7.000391019296195,5.983357809213885e-09,1.7763568394002505e-15
405,6.982363534079587,-7.884058615412906,0.6616087284176112,0.41192831970309474,0.4119283197210121,1.791738979406432e-11,0.0
406,-0.334413396769607,-1.239772999462751,0.034734257523218,-0.3489670750859618,-0.3489670750859618,0.0,0.0
407,-2.4052026408535365,3.181293894901218,8.873983527622707,2.375624309454303,2.375624319701443,1.0247140025398949e-08,1.7763568394002505e-15
408,5.512299564342314,6.981442436453925,0.005872026650250746,6.60508313480805,6.605083142140217,7.332167761830988e-09,1.7763568394002505e-15
409,1.505503981581473,0.7249947157418415,3.158928224360041,0.7997500031534872,0.7997500049778391,1.8243518917770984e-09,2.220446049250313e-16
410,-1.8188856188849254,-0.8260992669774812,1.075767655437702,-1.5938362987895514,-1.5938362969512685,1.8382828592677924e-09,4.440892098500626e-16
411,-5.463390060470369,3.819857837435853,0.4016210775961443,-2.504312307019221,-2.5043122930124935,1.4006727333537583e-08,4.547473508864641e-13
412,6.478181216989697,-4.306381427050486,0.023970658010997688,3.6691152524112254,3.6691152524499913,3.8765879395441516e-11,0.0
413,-1.379330179193305,-0.8466797790766307,57.1092758844538,-0.8739020364789218,-0.8739020293121715,7.1667503043215675e-09,8.326672684688674e-17
414,-4.177772933749914,-6.81085551256438,2.0061588646582718,-4.205861155846903,-4.205861155846903,0.0,0.0
415,0.7975706973770134,1.0799713159097895,6.684158353609179,1.0643171059672984,1.0643171054085618,5.587366125325843e-10,0.0
416,2.5840555407122885,-4.21428056669113,18.188596594190745,-2.666799862032612,-2.6667998684109886,6.378376493643145e-09,2.220446049250313e-16
417,2.805805550642244,-5.25477289611411,0.004063558307371736,2.740776327879513,2.7407763340298703,6.150357112488791e-09,3.1086244689504383e-15
418,-2.4070059641224244,6.131178609103282,0.09379677448977951,1.37204711004186,1.3720471295477963,1.9505936199593066e-08,0.0
419,-3.2830140036106634,2.70428485649054,0.020589220691134898,-3.015533360006519,-3.015533360060181,5.3661963761442166e-11,0.0
420,5.944090640314492,-3.1862126574890937,230.05830123310906,-3.0862194494438775,-3.0862194487583854,6.85492107521668e-10,4.440892098500626e-16
421,4.706951839927967,-0.744968319868974,32.76053650487698,-0.6829303467040866,-0.682930346449996,2.5409063741932414e-10,5.551115123125783e-17
422,-2.938824277609685,-4.8590367148177975,54.944692548794976,-3.9468232443448166,-3.946823243831028,5.137885672468201e-10,0.0
423,1.088808960517479,-0.04332411234265798,13.660746133820762,0.005996008339300474,0.005996008883026166,5.437256920745592e-10,0.0
424,-6.852423315876804,-5.05406493035847,0.0026696197480681775,-6.852409096444798,-6.852409091188779,5.256018731358836e-09,2.927047493272994e-11
425,3.5707180223927164,1.4769455594880156,42.97480628096306,1.4815902148852302,1.481590225516039,1.0630808677802861e-08,0.0
426,-7.220834991634145,2.213824009577394,61.510927201269006,-0.9300152762651435,-0.9300152754129587,8.521847671971727e-10,2.842170943040401e-14
427,-6.879707686480684,-3.5569041882070547,0.00387610369960461,-6.879601105324106,-6.879601105170202,1.539035565656377e-10,5.350386800273554e-12
428,-1.3206338974677045,2.5346839182401997,0.007786804002889521,-1.2290283994762792,-1.229028397361102,2.11517714454601e-09,4.263256414560601e-14
429,1.20751538470169,-5.052991372280639,0.015305359271860143,1.157681843059007,1.1576818447691466,1.7101395854979273e-09,2.6645352591003757e-15
430,-4.351477797769363,1.948375741419758,0.04233206013882156,-4.091926181251353,-4.091926180621088,6.302656174739241e-10,0.0
431,-6.3577825288236625,-2.3938213751773265,0.02479554555576271,-6.355564718810653,-6.355564724180228,5.369575006852756e-09,7.176481631177012e-13
432,-7.016491935011263,1.2026383382345323,0.07895431151468392,-6.783207465119011,-6.783207465399891,2.808802079812267e-10,4.547473508864641e-13
433,-4.390948809319239,6.443180706008553,118.58404949935807,5.923999782117013,5.9239997949037395,1.278672634441591e-08,1.7763568394002505e-15
434,2.152075864379462,-5.449206396115564,1.8306808448404468,-0.6584098186529692,-0.6584098135851587,5.067810504577608e-09,1.1102230246251565e-16
435,4.612547282441593,0.849684947396991,12.324605851480111,0.8829824236444388,0.8829824236624848,1.8046009131467144e-11,0.0
436,4.961247951349078,5.131765218198463,0.005429582527326023,5.0393073011408545,5.0393072929664875,8.174366961100077e-09,0.0
437,0.8711614174271496,-6.333297570477429,21.048710448064348,-3.0298209441053707,-3.029820942388845,1.7165255883355712e-09,4.440892098500626e-16
438,5.126979195842372,6.679565771578211,0.2450492497904871,6.660750667186807,6.660750684314624,1.7127816498430093e-08,0.0
439,3.405097504316368,4.575758830112987,225.79116887551038,4.575657396142574,4.575657389287943,6.854631529051858e-09,8.881784197001252e-16
440,6.714347310919031,1.1061507336663432,1.9063742303860922,1.2655382819819465,1.265538273877599,8.104347415383018e-09,0.0
441,-6.84792449451275,-2.443860590176474,13.335721857323891,-6.092859618108266,-6.092859617284067,8.241984872370267e-10,0.0
442,7.265872714577473,-0.17101331268501596,10.228452968377155,-0.0613302586484501,-0.06133025764539492,1.0030551805817467e-09,1.1102230246251565e-16
443,6.913415152580747,-0.12994757121050426,0.1089261330158475,2.299348126625344,2.2993481334843775,6.859033341299892e-09,4.440892098500626e-16
444,-4.715939516594636,-4.744979491230108,65.84361336094913,-4.726610284034192,-4.726610283406306,6.278852993091277e-10,4.440892098500626e-16
445,5.5067663546085726,1.083678780088503,0.07673346550500522,2.720268505303948,2.720268496340876,8.963072062329047e-09,0.0
446,1.7968803539685148,-1.9464541352521358,0.7305415972251733,0.208633928279494,0.20863392900863192,7.291379167106982e-10,1.1102230246251565e-16
447,0.43781932159513914,-5.584744378986436,0.12708445513942837,0.2585655714469981,0.2585655714469981,0.0,0.0
448,4.473571423172562,0.37165176659924093,0.18607515144103867,1.8609947899523211,1.8609947921993328,2.2470116878281488e-09,4.440892098500626e-16
449,0.3815253140067636,6.176983621487484,4.22019690742454,6.027506842152598,6.027506842209451,5.6853188823424716e-11,0.0
450,-7.888147883122112,-6.6928985053995,0.1034043546189884,-7.888058495395649,-7.888058497202043,1.806394145376089e-09,2.4309443347192428e-12
451,1.39678350818226,6.561399106430645,0.03852417395095997,4.593032728549395,4.593032729558109,1.008714001216049e-09,0.0
452,6.012396457979408,6.502135623596521,71.80468387479006,6.5021224217251525,6.502122423302716,1.5775638573245487e-09,8.881784197001252e-16
453,5.399562321895541,6.218230521318199,3.0183982014029374,6.217394624758313,6.2173946041842365,2.0574076664559016e-08,0.0
454,-1.0019788774927108,2.22820319344107,2.4357313406406726,1.520906023364789,1.5209060242026502,8.378611138226688e-10,8.881784197001252e-16
455,-3.4189771962614177,0.8903988754270049,0.00741978386935188,-3.40130620707247,-3.401306206519518,5.529519064850774e-10,1.4210854715202004e-14
456,-4.737162674144175,-4.47097053047575,0.5996573303519757,-4.735569596761974,-4.735569600084039,3.3220652895238345e-09,1.5987211554602254e-14
457,-1.9998307078492807,-0.9911129609984979,2.5058681405663807,-1.6343307032734593,-1.6343307010021664,2.2712929315105157e-09,3.885780586188048e-16
458,-5.836683696234658,-7.4838235595015945,65.47301347833188,-5.975405353720904,-5.97540534634717,7.373734511872954e-09,0.0
459,-3.888522803130016,4.031537722775385,74.62285003255678,3.5282925968242713,3.5282925971016983,2.774269702854326e-10,0.0
460,-0.904041458960462,-6.117588708652347,265.60523573458596,-5.13047275090424,-5.130472754951179,4.046938784085796e-09,0.0
461,-6.26201496170418,-2.271711338232727,1.7614183926993492,-6.0984447504681505,-6.098444749586977,8.811733565039503e-10,1.4210854715202004e-14
462,6.587726202435247,3.7524688666520554,0.013789119161211866,4.6510155930977,4.651015593143709,4.600941849730589e-11,8.881784197001252e-16
463,-4.923225408146175,7.67224922966615,0.0037298532681721815,-2.7247644867651855,-2.7247644908381945,4.073009041150044e-09,2.9103830456733704e-11
464,-7.881199362446953,-3.886716754599984,1.3441841885658095,-7.8545076293085945,-7.8545076217000735,7.608520924407003e-09,1.9184653865522705e-13
465,6.731895886316101,5.241715222400659,22.440689940436833,5.24189785096935,5.241897854120817,3.1514675313815133e-09,0.0
466,-1.728198640471632,-0.44672661290204374,326.4950273100019,-0.459048536376935,-0.4590485346552952,1.7216397751873558e-09,2.220446049250313e-16
467,7.954826171526422,4.426906992764586,6.282362207744155,4.428751695421706,4.428751709918428,1.4496722045009847e-08,8.881784197001252e-16
468,5.942110349997044,3.3785278289265364,0.011271622655325499,4.5616097233607515,4.561609717516566,5.844185579917394e-09,0.0
469,-5.479845435410638,-7.987760985436497,0.02338068717230706,-5.479934987619991,-5.4799349849430605,2.6769306771257106e-09,7.72715225139109e-13
470,7.086033014214072,0.7420389199946378,197.9775945873028,0.7444368365392062,0.7444368382476412,1.7084349490659179e-09,2.220446049250313e-16
471,-2.2448571013541123,6.514730441588187,9.048556825781676,5.800397923406791,5.800397923909296,5.025047045137399e-10,1.7763568394002505e-15
472,0.1250366216740506,2.51170990745179,114.01855780285213,2.50471133997946,2.5047113374198133,2.559646716804309e-09,0.0
473,7.725845293124419,-1.0376469512521034,0.251284866127902,1.464698213223989,1.4646982132727122,4.872324765869962e-11,4.440892098500626e-16
474,-2.0863243618286624,3.8094065979011624,1.679169803235883,2.065149265804288,2.0651492571657823,8.63850546650724e-09,3.552713678800501e-15
475,7.880617355101569,-0.6496583929537785,3.4086490706344335,-0.20394764858502334,-0.2039476479219153,6.631080406993561e-10,0.0
476,-7.616569650309232,-6.176755690867639,176.69632515595524,-7.387330620561489,-7.387330611070206,9.491282426665748e-09,8.881784197001252e-16
477,4.418888748784207,-3.195943770327222,0.07490157554076549,2.4454922468013933,2.4454922617345423,1.4933148939633156e-08,0.0
478,3.0682203014078038,-3.9200353467180857,44.50341216770306,-3.1637624966927476,-3.1637624965885878,1.0415979190270264e-10,4.440892098500626e-16
479,-5.2627861714758435,-5.9822132811502104,0.015768979188789837,-5.262828076796209,-5.262828075095312,1.7008972008625278e-09,4.929390229335695e-13
480,5.677585629042328,-7.212065138049599,0.004155678336521146,4.882576554024119,4.882576554042825,1.8705925697304338e-11,0.0
481,-3.108603126566191,2.8508181286866314,0.051934186476818286,-2.469823380411814,-2.469823392458823,1.204700916801471e-08,1.1368683772161603e-13
482,6.247870991231627,-3.017357904408218,1.8788322864892222,-0.5437311036650616,-0.54373110141346,2.251601571856554e-09,1.6653345369377348e-16
483,-3.8904002671165454,6.369540251559499,0.9789617790383741,2.4398158471910465,2.43981584720997,1.8923529410130868e-11,5.684341886080802e-14
484,6.372042784602135,1.0986987647364845,184.14597583569557,1.1004978514287949,1.1004978610115648,9.582769910920774e-09,4.440892098500626e-16
485,-3.199792342368614,-2.971083712363006,0.00809824773889166,-3.1997075280373357,-3.199707536029771,7.992435158143962e-09,1.2079226507921703e-13
486,6.360835518317623,-3.099593680621112,25.77155780234898,-2.4785546217303596,-2.4785546254020674,3.671707826669035e-09,0.0
487,0.6530495038646364,2.823581045870105,0.007335578778002093,0.7555105812043216,0.7555105814526865,2.483648842144248e-10,1.7763568394002505e-15
488,6.1289197099500665,-0.707419097239022,252.51029400159013,-0.6994255096478863,-0.6994255097454297,9.754341778744902e-11,0.0
489,-1.3735325032735766,6.854855597022512,0.057319573200184354,2.6260270145502234,2.6260270152517218,7.014984149122938e-10,5.684341886080802e-14
490,4.112994207258398,5.21536333773455,0.7285424006011227,5.2005866297700525,5.200586629787898,1.7845280808614916e-11,0.0
491,1.9897148083388867,-5.638847417239033,0.8773020839373364,-0.010823225224733557,-0.010823215866215668,9.35851788945452e-09,1.1102230246251565e-16
492,2.130614950053289,5.250839399947642,0.033597536785884494,3.884049051212788,3.8840490494909905,1.7217973713457013e-09,0.0
493,-6.932319926074339,5.025518788572462,12.785419406834691,0.6296198651331416,0.6296198835146939,1.8381552280288815e-08,1.1368683772161603e-13
494,-0.28415151734015076,-6.552585060620228,2.3307178099417483,-1.2939670162743786,-1.293967016168668,1.0571055142349906e-10,0.0
495,-1.958694377905939,0.044882490295488964,89.73504194326682,-0.020564032590346226,-0.020564031234396558,1.3559496685189298e-09,2.220446049250313e-16
496,-5.009832381113798,-0.4641594540714582,0.276641264223425,-4.851332791594464,-4.851332793538241,1.9437766951568847e-09,2.842170943040401e-14
497,-4.875984889863979,-7.051899119309576,0.08420561523852657,-4.876554069135587,-4.876554067067255,2.0683312840219514e-09,6.927791673660977e-14
498,-7.247399891445241,2.4025063852249424,1.0236371592714377,-4.737550037345535,-4.737550036511162,8.343734592131113e-10,4.547473508864641e-13
499,6.188625179004964,-7.782138139671295,139.46561395159378,-4.881288194235133,-4.881288198856838,4.6217047966479186e-09,0.0
500,-5.50328687470391,4.791245761046566,9.85784131223706,1.5376986235902113,1.5376986235902113,0.0,0.0
501,-1.7298170011619813,1.2984191246757142,9.520277016677506,0.8614577714797609,0.8614577714797609,0.0,0.0
502,0.5608158660823701,-0.056263072332715325,1.4641130818124188,0.15835960931329973,0.1583596098119325,4.98632773959784e-10,0.0
503,4.5909228142831005,-2.433686169003755,0.3708080450608966,0.9970900300770746,0.9970900306007074,5.236328037838689e-10,2.220446049250313e-16
504,6.638590733501372,1.9322334678102049,0.010779147217280589,4.487330034728847,4.487330034926147,1.9729995415218582e-10,8.881784197001252e-16
505,6.989619812250369,-2.4910730459797428,0.25106060029041904,1.3989775104518065,1.3989775105099882,5.818168169469118e-11,0.0
506,-6.023551673481457,-6.868508059941226,0.00428337853753676,-6.023557588903054,-6.023557587058657,1.8443966354197983e-09,1.0800249583553523e-11
507,0.6609973911917102,1.2933338128287684,0.8931613238584667,1.1049789752840355,1.1049789759915956,7.075600105821422e-10,4.440892098500626e-16
508,0.9189889697303819,-6.183956953130686,1.8488695770784611,-0.8061427003840018,-0.8061426986819052,1.7020965747960304e-09,1.1102230246251565e-16
509,6.295511905745677,0.7429792164558187,0.05978124710076691,2.905054204241285,2.9050542044515164,2.102313878538098e-10,4.440892098500626e-16
510,-5.304813762698977,-6.697036073127228,1.4491242457488218,-5.310199238492845,-5.31019923204685,6.445994849002545e-09,9.769962616701378e-15
511,1.0198370344427996,-6.801697738088222,16.85063398107831,-2.827002804621523,-2.827002804068734,5.527889257450624e-10,4.440892098500626e-16
