case,nu_prev,s,alpha,stable,mp_reference,abs_error
0,-999.8086262598933,10000.038310029837,1.3127612802167862e+17,9039.645763117154,9039.64576311715529755692106094,1.0231882623990949e-12
1,99.89035292437993,-9999.927403268599,7.925361122235526e-05,9.442857578770543,9.44285757877053558568086107454,7.073504732873225e-15
2,0.20558250615164197,-99.83451233109105,1.1855875281382824e-16,0.20558250615164184,0.205582506151641829326581333451,6.840761724699327e-18
3,-0.18364268909888154,99.78482548634481,1.5359518037969843e-19,56.281216286855916,56.2812162868559158535229544992,2.55370021555379e-16
4,99.84039739788425,2000.2058287616715,474700.569284322,2000.2058287616712,2000.20582876167145514045841992,2.2737367544323206e-13
5,-709.8264061860932,0.13628864469859825,3999.842315047638,-701.3958891908185,-701.395889190818479660936869459,4.159869231398509e-17
6,709.9283759346848,2000.2160615887371,6.8839774422963585e-18,2000.216061588737,2000.21606158873714775836560875,2.2737367544323206e-13
7,-0.04399024790198375,-710.1006919767011,3.3598316824300343e-06,-0.04399346313239497,-0.043993463132394973331881726154,1.3748173773761458e-19
8,1999.870843086352,-1999.9221490250422,5.7149875874691,-1.7430921253230736,-1.74309212532299800457855517103,7.555556060915755e-14
9,-9999.790765239672,9999.95808978945,13092961.034155369,16.554909867902097,16.5549098679018733555853950148,2.2382024371751492e-13
10,100.22341569578836,99.7735538629928,1.9961223776712642e-18,99.7735538629928,99.7735538629927987130940891887,8.467550591764687e-27
11,-10000.101074275322,9999.855369787574,3.272869698570859e-14,-31.296228605946453,-31.2962286059463607644417496854,9.240734044588273e-14
12,-1999.8986016372903,-9999.978234063934,8.426785866818907e-20,-1999.8986016372903,-1999.89860163729031228285748512,0.0
13,1999.9776115808627,-1999.8009536134105,0.033781658433465214,3.387837273678315,3.38783727367838463560954689237,6.974897158353779e-14
14,-709.9045958497852,-1000.0457070546271,1.689923331044086e+21,-709.9045958497852,-709.904595849785209793481044471,0.0
15,-0.19608902776336196,100.2074952730397,1.3884559692948634e-10,77.31374763149688,77.3137476314968944643754385927,1.3678813340566388e-14
16,10000.246104650036,-709.8252101547023,1.3289812756856157e-15,34.254363704303614,34.2543637043039480967981424945,3.338836667743343e-13
17,99.89636008234831,-710.1005556747633,66880.86833330672,-11.110668231126851,-11.1106682311268515241942270667,1.0014324402522126e-16
18,1000.132926593773,2000.0417229245618,620231864150171.9,2000.041722924562,2000.04172292456178183783777058,2.2737367544323206e-13
19,2000.156905638249,-10000.076726318754,31192188.0812839,-17.255678239418785,-17.2556782394187706670305079493,1.42024550267783e-14
20,-0.200146068336087,-710.156734440162,0.0010650916618328925,-0.20101758438832262,-0.2010175843883226296634670878,6.451191912480839e-18
21,1000.1912332952991,-99.95018305076202,1.6790354425827647e-17,38.62572709368567,38.6257270936856330100079133016,3.5468420938511435e-14
22,100.15010704376036,1000.0019076608842,160922839780947.88,1000.0019076608842,1000.00190766088417149148881435,1.9894977896573055e-58
23,-709.8033189973395,999.8014504205288,0.00020187369333537762,281.4902630865389,281.490263086538913542569624573,1.0716719096839703e-14
24,-9999.943735517547,-999.7782880368331,3.795649475608586e+20,-9999.943735517547,-9999.94373551754688378423452377,0.0
25,10000.201339871526,710.0329442256373,453705.3792295042,710.032944225637,710.032944225637265844852663577,2.2737367544323206e-13
26,-2000.2096668561614,-709.850280267916,4.04742357915093e-09,-2000.2096668561614,-2000.2096668561614478676347062,0.0
27,1999.8992663061215,-999.7672411763882,1.3966263198306896e+17,-39.47800613779805,-39.4780061377980615328060044835,1.418476398577195e-14
28,709.9812141915498,-1000.2028805626034,5.947510459269902e+20,-47.83467458167377,-47.8346745816737381595609390509,2.8465028977267764e-14
29,-709.9325856663426,-0.2112706146094851,3.9978259794902774e-20,-709.9325856663426,-709.932585666342561125897568443,3.2364598502596353e-20
30,-0.07391263234993378,1999.7941880525968,5783402964.742755,1999.7941880524106,1999.79418805241066435343490849,4.616964979032553e-14
31,709.940715457618,-709.7512766159181,2.885698153867973,-1.059766865092456,-1.0597668650924486111662191662,7.489516974487621e-15
32,-2000.1790522569727,-1999.8914096568249,4.754049302447156e-20,-2000.1790522569727,-2000.17905225697268178919330239,0.0
33,710.0101414992931,-709.7748753203259,3.572799512630562e-22,49.383522580176304,49.3835225801763187462788574958,1.4273435672428603e-14
34,-2000.019676132974,-1999.8681071842962,0.15813211565406432,-2000.019676132974,-2000.01967613297392745153047144,0.0
35,-99.87679800988809,-9999.927776760856,4.7401263164534485e-05,-99.87679800988809,-99.8767980098880912009917665273,1.9945625901577263e-48
36,-999.873625576356,99.86454030797418,2.463389228466292e+18,-857.661015457602,-857.661015457602026356547246574,2.1361408182532747e-14
37,999.9272872925549,1000.1685840720837,62174231854750.125,1000.1685840720836,1000.16858407208371772867394611,1.1368683772161603e-13
38,-0.1770748119328892,9999.9088063041,15646245583.909683,9999.908806304024,9999.90880630402363154366465926,1.0318849089265061e-13
39,9999.779502587635,100.1530039746346,0.7803289382547747,100.15300397463398,100.153003974634600581339327618,6.252776074688882e-13
40,-99.87723231099089,-99.95342819992172,308.4380553647287,-99.87723231099089,-99.8772323109908910510057467036,9.517611285184898e-43
41,-100.10666515799585,-99.97736141982939,232804.31384768838,-100.10666515799585,-100.106665157995848858263343573,1.0745095522039393e-39
42,-709.9391292408591,-2000.1304092698413,3.2650938642364664e-10,-709.9391292408591,-709.939129240859074343461543322,0.0
43,2000.1053607737915,710.1334284523876,46410944.86424618,710.1334284523875,710.133428452387647666910197586,1.1368683772161603e-13
44,-709.7747523122397,-1999.9723413719573,1.957167414210936e-18,-709.7747523122397,-709.774752312239684215455781668,0.0
45,-710.2379524089305,-1000.190523913796,2.7750990637541725e-09,-710.2379524089305,-710.237952408930482306459452957,0.0
46,1999.913171614035,-99.99535781309694,321371023.10872984,-19.58810684886066,-19.5881068488607077142662371123,4.6156856324764455e-14
47,-2000.2267202153557,-1000.0861460454404,8.558080935264406e-22,-2000.2267202153557,-2000.22672021535572639550082386,0.0
48,2000.124282918784,-710.0738913726582,0.004344651632443605,5.438809700131969,5.43880970013189649027259397641,7.280330686521396e-14
49,-99.91744040519967,710.0929039557735,5.078786414746384e+20,657.8522377487702,657.852237748770299736389847128,7.82215296790289e-14
50,-709.9596874057622,99.81650826746402,13959692.936735045,-593.6914944791775,-593.69149447917750702989887513,4.2662495802419654e-14
51,-100.09726738576765,10000.0024339394,0.0018859284204187636,9893.631831505025,9893.63183150502323660002307892,1.5836169083237677e-12
52,-1999.7528178342252,-709.9226585879646,0.0003257906648594757,-1999.7528178342252,-1999.7528178342251976573606953,0.0
53,-709.8214174261786,-1999.923941591083,23809985530531.598,-709.8214174261786,-709.821417426178641107981093228,0.0
54,-709.8847144298852,-1999.8917952194256,4.249946331328709e-20,-709.8847144298852,-709.88471442988520720973610878,0.0
55,0.1416363095270764,-1999.818134313608,4.0175095289663196e-20,0.1416363095270764,0.141636309527076398271713753983,4.628803910313449e-20
56,-9999.87510558694,100.15511152909455,5.404897385497836e+16,-9861.191327104136,-9861.19132710413629887899208129,5.186329950696254e-13
57,100.13151402720378,99.88153920477876,1.1219054729593604e-15,99.88153920477876,99.881539204778761131819919683,8.256338638103994e-30
58,1000.0571844233682,-1999.9843194572418,5145483.288695779,-15.45362985650172,-15.4536298565017275215606297472,7.025107284925299e-15
59,9999.855236415735,2000.1868211342507,9920058753033.645,2000.1868211342517,2000.18682113425074931001290679,9.094947017729282e-13
60,710.1922882158452,-1999.8204174473915,0.1382217208605796,1.9788962102402365,1.97889621024026631058465045309,2.976886268061017e-14
61,-99.8041858703129,-710.2100517730981,9394202648162.756,-99.8041858703129,-99.8041858703129065588655066676,4.250624391905731e-31
62,-1000.0349653643259,-99.936519670314,33953444525.67006,-1000.0349653643259,-1000.03496536432589891774114221,1.3458752475372697e-33
63,1999.7663862138454,-709.8624836204739,5.17971938888357e+20,-47.696452742654856,-47.6964527426547490828610895632,1.066003520102741e-13
64,100.1207611047814,-999.8571764542,1890757240712847.0,-35.1757538002027,-35.1757538002026919801052854796,7.059695505590247e-15
65,-1000.1700353555469,99.9301881253698,3.040333312705473e-14,-931.3640713803486,-931.364071380348597933205845084,7.156032999727457e-15
66,-999.8726976983716,-10000.01985049588,2.1375576652080752e-13,-999.8726976983716,-999.872697698371553087781649083,0.0
67,-1999.9691470114137,999.8387382561118,2.2997101992297386e+19,-955.5485088737535,-955.548508873753547740972893315,8.527397952415272e-14
68,-1999.7880052063797,-1999.9097550573968,2.940657461689846,-1999.7880052063797,-1999.78800520637969384551979601,0.0
69,0.18906652229293142,2000.0980481624042,240642767067457.75,2000.0980481624042,2000.09804816240420788566920876,3.439668901570364e-15
70,-709.9538883684565,9999.996351510928,6.2995288133189226e-12,9264.251916865607,9264.25191686560712160135415392,7.812340947790215e-14
71,-99.82495820558182,999.7783191878203,1.1152137755596578e-05,888.5494816307623,888.549481630762430871628797017,1.0128461440499899e-13
72,1999.8150875399047,-1999.8275347324588,0.047476711993983255,3.0475159619759324,3.04751596197592175525654979774,1.0686162440695078e-14
73,-2000.0321642719562,10000.071305246833,4.299942829175546e-18,7960.051211028053,7960.05121102805428275819355694,9.520932049497721e-13
74,-0.08279713338212147,0.026445765476045546,4.3889933803288126e-07,-0.08279708674439792,-0.0827970867443979112088128819209,1.294297085893281e-17
75,-709.8807782341936,1999.9807585454898,8.927802754846956e-11,1266.9607146008857,1266.96071460088555221455030303,1.4216629929681262e-13
76,9999.793595831261,710.0252783126564,0.0003791260898281321,710.0252783126562,710.025278312656382695422507823,2.2737367544323206e-13
77,-100.10009461255501,-0.22940615486989918,9.895631824541847e-17,-100.10009461255501,-100.100094612555011429777108568,7.86708244430074e-17
78,-9999.978178191366,-10000.010960288842,606641641446338.5,-9999.978178191366,-9999.9781781913661689031869173,0.0
79,-710.1921006843432,-709.9573517401845,1.211937224218214e-19,-710.1921006843432,-710.19210068434324512054445222,0.0
80,2000.0540414658005,-1999.7707791356395,4.255811161694213e-06,12.367225176811871,12.3672251768119795910812982125,1.0831216667525001e-13
81,99.75883816754877,-709.7529183183465,3.2892778073256664e-13,28.742938179692644,28.7429381796926435018887231851,2.807233708179233e-17
82,-2000.1412903479238,9999.936910260754,9.959437829049163e-16,7965.252779052063,7965.25277905206275628264741734,1.7772512258723278e-13
83,-1000.2345695186344,709.9225935772466,0.9789569865712705,-290.33324351489114,-290.333243514891191823213786653,5.458520395385334e-14
84,1000.1588533869267,-999.8316563950378,1.20308212021208e-07,15.933208953442659,15.9332089534426460959435022073,1.2543744076917864e-14
85,-100.1821041663443,-1000.0475542761018,4.084151017841004e+16,-100.1821041663443,-100.182104166344302598190552091,1.2663879443822463e-27
86,-99.77816122404143,1999.794991078105,2.2982844518687123e-07,1884.7308971572338,1884.73089715723389046333000258,7.814095556930142e-14
87,-2000.1069091772943,-2000.209055267554,1.7744036803189985e-09,-2000.1069091772943,-2000.10690917729425564175471663,0.0
88,1000.2343328691902,-2000.248304954273,2.491888969836995e-10,22.112809884647845,22.1128098846478877527872680852,4.261498112447354e-14
89,10000.118096594571,-1000.2327214914242,337999506694783.5,-33.45406555192676,-33.4540655519276128902976690562,8.526544963299067e-13
90,1000.048493954248,-100.10536271780362,1153664127.2884076,-20.866208911792228,-20.8662089117921958659132993435,3.194328769532685e-14
91,1000.0242892884263,709.76301770696,1.428430998498882e-21,709.76301770696,709.76301770695999948657117784,1.0795210693868056e-78
92,999.9949971608745,-0.06420533901846887,1.0097081826535031e-05,11.503273573054457,11.5032735730544662760608787811,8.974437690821904e-15
93,10000.24275336592,-0.16600280232394576,36931449760058.9,-0.16600280232341902,-0.166002802323913797267065110658,4.947786185002951e-13
94,9999.877552753553,2000.0715160947464,1311246847326.6902,2000.0715160947457,2000.07151609474635733931791037,6.821210263296962e-13
95,100.00904289879398,-709.7985303045206,31810.780105834467,-10.367560508360569,-10.3675605083605741772447985898,5.316691768199497e-15
96,0.19760971741306171,-0.07502096587379392,1.9607046185862664e-16,0.19760971741306166,0.197609717413061656998669460614,1.4988278587170548e-18
97,1999.7530039881906,-10000.201913295587,2010.2304427328036,-7.606004642607331,-7.60600464260730025829733452348,3.107585026779624e-14
98,9999.81405794809,10000.07748725689,303705086382.8104,10000.077487256889,10000.07748725689089042134583,1.8189894035458565e-12
99,-2000.024379109963,710.1363722129591,6.759417794494455e+17,-1248.833123554834,-1248.83312355483406003356132887,1.1363323930881623e-13
100,-1000.1951245926681,-1000.0648076036875,3.950424598085879e-11,-1000.1951245926681,-1000.19512459266809401015052572,0.0
101,-709.9158792105478,-710.0629705262063,5.5784697067856424e+16,-709.9158792105478,-709.915879210547814182064030319,0.0
102,-10000.240321693858,-999.8722491820969,0.006578698613617901,-10000.240321693858,-10000.2403216938582772854715586,0.0
103,-99.92746954120831,0.2245569779122007,3.103926939364904e-10,-99.92746954081977,-99.9274695408197708367016969437,6.7293042203386e-16
104,-709.8607466299994,2000.1597308312341,198578953007.56882,1316.3134368073765,1316.31343680737649395644333313,5.326534952868795e-14
105,100.07782981129317,-710.0468788497419,30970744988798.418,-31.064064164800257,-31.0640641648002641986113662816,7.08126211929909e-15
106,9999.877953401314,99.9266628977898,5.704383579810604e+18,99.92666289779118,99.9266628977897966024102061056,1.3784529073745944e-12
107,0.23622841811695544,-999.7682695617704,3.1347486830960093e-10,0.23622841771995096,0.236228417719950943175909252598,1.2879276745085929e-17
108,99.82632967117036,-10000.207100040518,7.696264262957928e-17,37.10321153042246,37.1032115304224631918957342167,3.4945766510760614e-17
109,-1999.9581206349603,9999.90925274219,873885.5184632865,8013.631836767549,8013.63183676754882257792222458,6.0750043895882e-13
110,0.007479779841070122,-2000.0316559838614,3.936575647406979e-14,0.007479779841030461,0.00747977984103046086290444088055,3.247853187029102e-19
111,99.81972217593066,999.9109251751061,6.326068723909344e-21,999.910925175106,999.910925175106058304663740507,1.1368683771457377e-13
112,999.9403630615808,-0.12137339761534965,4.764646591739856e-18,39.88530830706293,39.8853083070629423183052914097,1.4139084529305953e-14
113,-710.0139050553721,-0.22481118320965532,4.870931464607552e-16,-710.0139050553721,-710.013905055372105900698662984,3.890252250555232e-16
114,1999.8341595499048,710.2346613742526,183207099557.02484,710.2346613742525,710.234661374252596033329609782,1.1368683772161603e-13
115,-709.8056632586835,100.19395966808707,209381841.78326148,-590.4520334534129,-590.452033453412887742218790781,3.5593926677275176e-14
116,1999.8171289559393,-2000.1257250393332,4.758217622867845e-10,21.465977780798084,21.465977780797995591643927355,8.890382879440047e-14
117,-99.88230726106465,-0.007564841644078724,0.00019539739131403425,-99.88211335504774,-99.8821133550477343399008568439,1.2412372562040066e-15
118,1000.1796957725123,-2000.1876671493778,3.881370639077532e-09,19.367077488197765,19.3670774881977579567467003978,7.021648143240174e-15
119,-710.1740179812796,-710.1323150101123,1.7744316429085576e+20,-710.1740179812796,-710.174017981279575906228274107,0.0
120,-1000.0452247230243,-0.0190207033184428,7103891.519700931,-984.2880919896464,-984.288091989646486974804550003,5.496300885413183e-14
121,10000.086570476316,1999.896734115262,20458154059395.523,1999.896734115262,1999.89673411526200652588158846,1.727233711018889e-77
122,-1000.1624865263709,710.1920785696709,4.8586409954252575e-11,-313.718085211397,-313.718085211396953628973026734,5.679659832550966e-14
123,-1999.849569289057,9999.829274222067,7.009365418397507e-06,7988.111441546802,7988.11144154680208724073493683,2.1666835421526447e-13
124,0.07607378694491101,9999.96831723372,3.623513877657477e-05,9989.81887069668,9989.81887069668035991392419401,9.910659430986942e-13
125,-2000.006764115515,709.942461927007,7.10873761732155e-21,-1336.457264463638,-1336.45726446363801903481981155,7.159373857045634e-15
126,1000.1671576895747,-2000.0482526476062,3.4156895355369815e-17,37.9155671944842,37.9155671944842254301205606463,2.844119661983875e-14
127,-2000.0265683293899,710.0066491837076,6.955145553238232e-14,-1320.3166286945866,-1320.31662869458650534448710432,9.235867733905225e-14
128,9999.928386021056,-9999.815929164553,1.2193363619971688e-19,43.55081002172119,43.550810021720742703582369293,4.477201223144877e-13
129,2000.1577160450342,1999.8723765780585,3.508065999877397e+19,1999.8723765780587,1999.87237657805849266878794879,2.2737367544323206e-13
130,-999.8944027134308,-100.05048715604549,486.2273037583802,-999.8944027134308,-999.89440271343084987165639177,1.719748182318728e-41
131,100.10932607232643,-100.03703121552253,3.154796408026956e-16,35.69243752393761,35.6924375239376133294339388452,6.540939014697972e-17
132,-0.20525835158604677,0.18492729314706324,1.9252917988528308e-16,-0.20525835158604672,-0.205258351586046697384209894354,1.9323801778027038e-17
133,-2000.219458593697,-709.844272642032,0.3196883176298104,-2000.219458593697,-2000.21945859369702702679205686,0.0
134,100.12619211135994,9999.871083919532,1.3893302214822028e-05,9999.871083919532,9999.87108391953188402112573385,2.3601618670385658e-39
135,-999.8793167513326,1999.8500199235118,5.257516609492223e-13,971.696755751046,971.696755751046037403721775581,3.9108709379752524e-14
136,-710.0406924896139,-1000.1795752524622,1.1004500269579901e-09,-710.0406924896139,-710.040692489613888938038144261,0.0
137,-2000.115844052098,100.22472529280212,53880251251.08019,-1875.1810889076578,-1875.18108890765787327771377064,7.821589078999399e-14
138,-1000.193919569625,99.94520856579142,1.1689176617137013e-11,-925.4210687815631,-925.421068781563157234934579874,3.5460409663910945e-14
139,99.91508817069817,-1000.1496116753534,8.005855071161384e-06,11.735337400085683,11.7353374000856760749749107763,7.0821832898527556e-15
140,99.88756392482345,709.8093238439002,7784395.76406633,709.8093238439002,709.809323843900187966937664896,5.347579737520917e-51
141,-9999.762851055284,-0.07391416737093959,7.943564105867672e+19,-9954.015286401393,-9954.01528640139328531928536036,6.989064457688546e-13
142,-710.1831371405523,1999.7909542117268,4446866.79481135,1304.9155273862748,1304.91552738627478552066361085,3.5027823083063477e-15
143,9999.880332999608,0.0037702988449516694,3.549915056299611e+21,0.0037702988447563257,0.00377029884495166944830299455516,1.953437414634331e-13
144,999.8079057256455,100.24283001648811,6.082520238919357e-21,100.24283001648803,100.242830016488113642481044076,8.526512829600945e-14
145,-0.19891946882129352,-0.15364361969893775,6073177612419936.0,-0.15364361969893991,-0.153643619698937758955078086495,2.1560419487034383e-15
146,-10000.07021467197,-1000.2317917087237,2.103194568434478e+17,-10000.07021467197,-10000.0702146719704614952206612,0.0
147,-1999.80378362004,-709.888985826545,0.036302115040531484,-1999.80378362004,-1999.80378362003989423101302236,0.0
148,-99.8523314092016,1000.1503462364292,103769232293.61063,925.6634501776103,925.6634501776103149455873917,2.847115791708636e-14
149,-100.00878033298714,-710.0983595437625,1.2346918829874163e-05,-100.00878033298714,-100.00878033298714342436142033,4.552994781770565e-49
150,2000.1668610644074,-9999.874387305616,7.46381817670797e-20,44.041634756666326,44.0416347566663474991944146996,2.1287778252149107e-14
151,-9999.796719313721,-710.2466679250126,14746937764.576538,-9999.796719313721,-9999.7967193137210415443405509,0.0
152,709.8862078473928,100.19586044683432,3.3870108689300045e-17,100.19586044683433,100.19586044683431680368812522,1.4210854715201101e-14
153,99.83449146101545,-710.0765805408947,2.1817070438107106e-11,24.548328404935745,24.5483284049357486257029359439,3.5416995070153606e-15
154,1000.1361890714088,999.8461177332206,1998.5575674317797,999.8461177332206,999.846117733220580703346058726,1.0795210693868056e-78
155,9999.758247190553,2000.006902568561,3.668872614010057e-12,2000.0069025685625,2000.0069025685609176434809342,1.5916157281026244e-12
156,1000.2456817480174,10000.175354681713,1.2571376045563666e-21,10000.175354681713,10000.1753546817126334644854069,0.0
157,-100.17131620293422,2000.2269908722164,8.039894739573965e-12,1874.5090695443662,1874.50906954436605999483068973,1.243507322525952e-13
158,9999.885211048508,100.02365286579304,2.1181878461261205e-05,100.02365286579334,100.023652865793039268282882404,2.984279490192421e-13
159,2000.1959722451797,-1000.2071714181767,1.6750836137378018e-21,47.83842387019445,47.8384238701943899973658087941,5.6865658686748e-14
160,-100.08364318819862,710.0945255266122,2.080409726560686e-09,590.020181359705,590.02018135970500275870356037,1.7682038813096504e-14
161,-1000.1166471268078,9999.765772530856,2.7164669885371707e-19,8956.899340771894,8956.89934077189299451227248981,5.541505017750045e-13
162,-2000.2372623906117,100.22559141248111,1.0233795140693066e-07,-1916.106656229421,-1916.10665622942112313653895397,1.7827964329608804e-14
163,-709.823898730766,-709.8515008499626,3.2511134295886115e-14,-709.823898730766,-709.82389873076601816137554124,0.0
164,1000.0393344552264,-709.9344398840973,1.0197701492979322e-06,13.795933299887338,13.7959332998873858857017193442,4.803285023164799e-14
165,709.763697342959,-2000.171245012812,21343586579.958485,-23.7840171371123,-23.7840171371122793568209932294,2.123152090226153e-14
166,99.96372562814268,-9999.990222120518,1.9539977049704236e+18,-42.11640905298377,-42.1164090529837693804600214216,2.3844936732494266e-17
167,1000.2288289569216,-9999.812793525458,2.3658841983788175e-17,38.28279476058992,38.2827947605899083397566810905,1.4249376812511758e-14
168,-999.8082671345311,-2000.2105668695265,1.8067137725558212e+16,-999.8082671345311,-999.808267134531092779070604593,0.0
169,10000.21574642322,1999.9354518818386,5.211759320864552e-12,1999.9354518818382,1999.93545188183861682773567736,4.547473508864641e-13
170,10000.152536179083,-1999.8098645109158,0.00035971814163582706,7.930189773072925,7.93018977307211606429364899917,8.090991393067428e-13
171,-1999.8054159807655,2000.1472202967952,1.5195741256710615e-21,-47.59405252172451,-47.5940525217244570369697255238,4.969545592692059e-14
172,710.0859269944938,-100.19784979735743,72879941509.0447,-25.01207928733254,-25.0120792873325435320598301622,3.5979187344344926e-15
173,-1999.9022889371856,1000.2240261052484,6.507880919000438e-21,-1046.1595358932564,-1046.15953589325640394304652551,4.263779853323782e-14
174,9999.97470485921,-1999.7753347474072,1296391.9233305412,-14.075095520154719,-14.0750955201549459049446339674,2.273624731059141e-13
175,1999.8761971616877,0.13007927800352154,1.7275684758655504e+16,0.13007927800344987,0.130079278003521587623896434354,7.171572061105018e-14
176,1999.970565410928,-9999.79164957661,12485.996232659616,-9.432362993896504,-9.43236299389648100423210686655,2.311771685802727e-14
177,-1000.0184928140419,-999.9106037443522,1.2543862269823865e-15,-1000.0184928140419,-1000.01849281404190605826443061,0.0
178,-1999.883567154279,-710.0738486724938,8.442039717114565e-08,-1999.883567154279,-1999.88356715427903509407769889,0.0
179,-99.76079329960048,710.1197442052867,1.3663621587150048e-08,592.2504220112537,592.250422011253657981195905339,4.613199136303772e-14
180,-709.8477109247747,710.1342357911205,1.4991639445967248e-07,-15.426663202161649,-15.4266632021616843677014650637,3.559859521480743e-14
181,-709.9495384387493,-999.9511936652714,3.580449052080892e-14,-709.9495384387493,-709.949538438749300439667422324,0.0
182,-9999.880084642764,99.88320802791901,1163504113.6426685,-9879.122174538568,-9879.12217453856852960380542643,2.4163237589962224e-13
183,999.9942946748305,0.08551515568295714,3384652758592.463,0.08551515568319701,0.0855151556832283805131452250442,3.137218370159149e-14
184,10000.128296593413,99.88004716577899,14.821997543191397,99.88004716577962,99.8800471657789898927148897201,6.252776074688882e-13
185,99.82560649273998,9999.939220644063,1.768551632622057e-21,9999.939220644063,9999.93922064406251593027261376,2.504218410427866e-23
186,999.8347961930378,-2000.1738284006656,137465413.4811575,-18.738882905110927,-18.7388829051109766277686309804,4.971472933784027e-14
187,99.81221212923028,-9999.823911758918,9.61795153265004e-06,11.551879254355228,11.5518792543552245168268129754,3.4826132903282334e-15
188,999.8141674472477,999.8193544582778,1.103711963696969e+20,999.8193544582778,999.819354458277757657924667001,0.0
189,710.0022702159063,-9999.792933733368,1.1127786063215345e-05,11.406065328616478,11.4060653286164211594336014601,5.6767992274799756e-14
190,0.05648140404429497,-1999.7502968016909,827730839292.8009,-27.441953865167154,-27.4419538651671550771902220775,1.3405974132227368e-15
191,-999.8471733400934,-709.844302257146,8.934442344957187e-17,-999.8471733400934,-999.847173340093377191806212068,0.0
192,99.90687582803561,-999.8576277321121,2186140912358.031,-28.41315896488534,-28.4131589648853335854510800399,7.066111648413571e-15
193,-9999.965159184838,709.9528422566765,0.005528063076277885,-9295.210234710417,-9295.21023471041797313407143067,6.199352078647499e-13
194,-9999.936429206262,2000.0219896965364,2.635109384535541e-06,-8012.761025374401,-8012.76102537440037924539034944,1.8114947045464586e-13
195,710.0613679275912,-1999.9782464393634,1.1159439465848343e-17,39.03424594527564,39.034245945275600384456366267,4.256830897185585e-14
196,-709.8781552209352,-999.7825795491797,6.815362280202546e-21,-709.8781552209352,-709.878155220935241231927648187,0.0
197,2000.1089553579004,9999.780040649139,8.540145807439527e-22,9999.780040649139,9999.78004064913875481579452753,0.0
198,-0.2404290295416447,-709.9917340063062,3.967711114656722e-08,-0.24042906073937767,-0.240429060739377656825067647454,1.337214669535219e-17
199,-2000.0860813142838,9999.841559935974,92620490.04359505,8018.099499571598,8018.09949957159797408327435639,2.699909920475208e-13
200,-1000.1606772700733,-100.10563718642784,13471683.88246315,-1000.1606772700733,-1000.16067727007327903265831992,4.509164154577302e-37
201,-709.9899464505231,709.9734439398549,3.7387432092333373e+18,42.748778677864834,42.7487786778648626902484416465,2.848238163510963e-14
202,2000.1897045551077,-709.9225939047161,2.3468278063050846e+19,-44.602181313490746,-44.6021813134907603640266966999,1.425777275981313e-14
203,-709.962988619073,-709.8763401579309,0.05918958719818978,-709.962988619073,-709.962988619073030349682085216,0.0
204,100.21658971806364,-710.2279072178625,5.796082798742579e-20,44.294519550027175,44.2945195500271751335212009699,1.9183904279156334e-17
205,0.020916721367403746,-0.029941286867314898,666462003.4878739,-0.029941286790652555,-0.029941286790651084892748949436,1.4699350806406313e-15
206,100.09261071038117,-10000.244647818796,1.6133348892439622e+21,-48.832590349342354,-48.8325903493423395861170558405,1.428870043473718e-14
207,-1000.1684503826282,10000.106000428506,8.850640236506865e-15,8967.57926345048,8967.5792634504788339336470202,7.9574872996058e-13
208,-9999.957220256087,-709.8035240776964,6.071322444976401e-08,-9999.957220256087,-9999.95722025608665717300027609,0.0
209,999.9872358853773,1000.0267077139716,1.2740035563809953e+18,1000.0267077139717,1000.02670771397163207439007238,1.1368683772161603e-13
210,-0.07821324707525684,99.99131343729474,4.4183174700237315e-20,55.347157291067106,55.3471572910671032536723863535,2.435180802995648e-15
211,100.1260727535681,100.11310321937576,1.291964322265267e-13,100.11310321937574,100.1131032193757590675886604,1.4210854715202004e-14
212,9999.836026847412,-1000.1186395572166,5.988553581628027e+16,-38.63121139869145,-38.631211398690688044973111528,7.602216448422493e-13
213,-1999.7787126320284,-710.2329381647583,183593337931.7328,-1999.7787126320284,-1999.77871263202837326389271766,0.0
214,-0.24429800940689833,-709.7930958093131,198155791750.10883,-26.01231938528204,-26.0123193852820390400580774777,1.6445568351290587e-15
215,-709.8002534429178,709.9730832101999,1.6133459055133444e-21,-47.70314696088917,-47.7031469608892209067346423844,4.973806085884366e-14
216,999.8028598588796,-99.90015486466962,152713098.26276138,-18.844071544262306,-18.8440715442623627427519282422,5.6836593056293444e-14
217,-709.9836766761813,-2000.1791346442799,6.671984521125504e-07,-709.9836766761813,-709.983676676181289622036274523,0.0
218,-100.10206085799966,1000.1872139348566,51648774577675.336,931.6606406625648,931.66064066256481973289711038,3.1915651295430484e-14
219,1999.9482050160564,10000.161867666951,20192521558.389313,10000.161867666953,10000.1618676669513661181554198,1.8189894035458565e-12
220,10000.1355364924,-1999.8992406744262,4604361727.850734,-22.250269892889264,-22.2502698928888732885015448928,3.9086760903984303e-13
221,100.06942372974822,999.7681283426473,253766.2882559678,999.7681283426474,999.768128342647287354338914156,1.1368683772161603e-13
222,1999.9378808848796,-1000.0454750968032,9.558931064984776e+19,-46.00659267441256,-46.0065926744124951193008952487,6.394375651993865e-14
223,100.04313438969595,-10000.137100560516,2.7416599053878814,-1.0085635418603687,-1.00856354186036334180845181122,5.3312336513713035e-15
224,-709.7541379128025,100.17002705472929,9.240984337219509e-11,-632.6888984710259,-632.688898471025975583325350381,3.909590349132562e-14
225,-99.8326714265351,-709.754839715796,8.256515638133973e-21,-99.8326714265351,-99.8326714265351000676673720591,3.6309351608493316e-64
226,9999.849611857919,1999.9170130029488,4.7848456590693794e-11,1999.9170130029488,1999.9170130029488063883036375,0.0
227,10000.23543979022,710.0436106819104,1.92404048079436e+21,710.0436106819106,710.043610681910422499640844762,2.2737367544323206e-13
228,-99.8383524097443,1000.1130715337874,21.318191170562223,903.3342798778355,903.334279877835409170405671943,4.714787452201151e-14
229,709.8748592051876,1000.2358389923908,5.715211374194361e-22,1000.2358389923907,1000.23583899239076799858594313,1.1368683772161603e-13
230,0.02098979694356151,-100.15067781054681,1.1376138471141523e-13,0.020989796943445337,0.0209897969434453372612892429629,1.816543364160418e-20
231,1999.844484455465,999.9406843513207,14651204904324.496,999.9406843513207,999.940684351320669520646333694,2.1590421387736112e-78
232,2000.246036289972,-10000.14452252905,1.9795590509310277e-13,29.250732090567908,29.2507320905678085168408111689,9.950012398203637e-14
233,999.9463624648782,1000.1419746482109,2.6437879205411444e+16,1000.1419746482106,1000.14197464821086214215029031,2.2737367544323206e-13
234,-1000.0052490623681,-999.8018366421071,0.06560779669142926,-1000.0052490623681,-1000.00524906236807964887702838,0.0
235,-100.17355569618807,-9999.979609564347,13432.847376052006,-100.17355569618807,-100.173555696188074648489418905,4.200931585250667e-40
236,-99.8609330933931,99.99335816797519,3.27693408580184e-06,-12.49617722805705,-12.4961772280570481657642466123,1.8357886057240627e-15
237,-0.1804149144692313,-1999.9779229498183,20029.364275516786,-9.90501448566645,-9.90501448566645123565069650185,6.39082485461857e-16
238,709.8210757441119,-99.77834336431096,6.59854628103576e-11,23.441586658612096,23.4415866586121452825986144316,4.9720905191935295e-14
239,-1999.85859929445,100.24262325325181,6.99936092183068e+18,-1856.2236255192993,-1856.22362551929916212183593098,1.136438252192394e-13
240,-999.9664682400712,-1999.904456440882,1.7724863838875522e-12,-999.9664682400712,-999.966468240071208128938451409,0.0
241,-10000.01264299308,0.03875606760270478,2.9653458022248985e+19,-9955.137776504873,-9955.13777650487274703512140126,7.086025379090458e-14
242,100.22248431300346,1000.0194770725442,1.179173027786005e+18,1000.0194770725442,1000.01947707254419128730660304,2.525518554747561e-62
243,-9999.94025964757,99.83698764063139,4.060017563429933e-08,-9917.122765451319,-9917.1227654513189264596159593,2.9842133624710144e-13
244,-99.95634645795873,1999.9957825436327,2911479172590977.5,1935.6468737393564,1935.64687373935623068029690112,1.2082671583121046e-13
245,999.829158636518,-9999.897967770634,7.796661829292353e+17,-41.19764225238521,-41.1976422523852222250322242972,1.4285663085967e-14
246,10000.050481726023,9999.916575491116,4245601908390905.5,9999.916575491114,9999.91657549111550906673073769,1.8189894035458565e-12
247,-10000.000863499803,2000.1604282552173,0.0001276573365196207,-8008.8065961868,-8008.80659618679981361362568325,1.615540631789566e-13
248,-1999.9453169147728,9999.869759505922,0.4859066122620132,7999.2027037617645,7999.20270376176385163175368356,6.448166961069188e-13
249,-9999.796818070323,99.95707125371732,1.2625739748880676e-20,-9945.658296202066,-9945.65829620206487506994458345,8.099955186018576e-13
250,-99.8287857195897,710.1099046505071,2.630361758703426e-21,562.8939533656106,562.893953365610698883252270837,7.111288658933751e-14
251,-2000.0769830592483,1999.9640174463048,2938.6606202339262,7.872743572236004,7.87274357223604146156045127474,3.7277909503167505e-14
252,709.8210195350038,-99.98698828813939,8740464.657374552,-15.983473910677844,-15.9834739106778692529057783033,2.4965485620960153e-14
253,-0.02964002876820343,-710.1616767229131,7.773714765016265e-21,-0.02964002876820343,-0.0296400287682034302503247232104,7.546682872631533e-21
254,-100.21451236827214,-1999.8262670674842,1.547683743722147e-14,-100.21451236827214,-100.214512368272139042346680071,4.645928189618912e-58
255,-999.830177773572,709.9772204026756,0.0007186740778404834,-297.0910599731591,-297.091059973159108334981375646,3.190001380191344e-14
256,710.0981311098953,-1999.8473499377792,5.749598911087478e-08,16.67155064616952,16.6715506461695532776096573189,3.19628773925915e-14
257,9999.7730005858,0.05469564106534752,9.256981145539528e-16,34.61598350260101,34.615983502600436949320495092,5.744740735888847e-13
258,-99.87946747325323,-1000.0420914103959,0.000568084626940192,-99.87946747325323,-99.8794674732532286043351632543,2.3840285819819247e-47
259,10000.131758365984,709.9250930282335,3.43382092274803e-09,709.9250930282342,709.925093028233504810486920178,6.821210263296962e-13
260,10000.050291223582,-1000.0921085816263,8.193089000852621e+18,-43.549822668030174,-43.5498226680293356840999550419,8.384157402687473e-13
261,-10000.025206324852,-1000.217134947701,2.1278894365403952e-13,-10000.025206324852,-10000.0252063248517515603452921,0.0
262,-10000.18238704453,-100.19508737118743,116893019817979.81,-10000.18238704453,-10000.1823870445296051912009716,3.577791428218997e-30
263,709.7947287862931,-9999.847370335388,1.9835614713340466,-0.6848939518376937,-0.6848939518376506452032458749,4.3103326754573326e-14
264,-100.02600096132481,-9999.985578359752,2.4568726664491098e-18,-100.02600096132481,-100.0260009613248115556416451,8.905173480534669e-62
265,1000.2489000598481,-710.1007048253746,1410431687974897.0,-34.88267221412718,-34.8826722141271616332867746957,2.1363603267281434e-14
266,-100.21614923731153,709.9205972265041,10936812394385.588,639.7276034880297,639.727603488029650678443176268,2.1329098927260944e-14
267,999.7757699379539,1000.0154056947912,5.3562482893779016e+16,1000.0154056947913,1000.0154056947911840325105004,1.1368683772161603e-13
268,10000.087132243654,710.1445440098792,3.1009076451238937e-12,710.1445440098778,710.144544009879155055386945605,1.3642420526593924e-12
269,0.23368275467112182,-99.7795450805101,63.9432913755377,-4.170300534975497,-4.17030053497549707275037136146,1.6386546477310015e-16
270,1999.7582437455094,-99.87903108934896,345125523.201871,-19.65941874419127,-19.6594187441913384143045143438,6.752517223071577e-14
271,10000.142519574512,100.1256915438061,0.0018714483451871264,100.12569154380617,100.125691543806098593449860346,7.105427357601002e-14
272,1000.0352036527696,-1999.8095292001499,104437743685592.9,-32.27961225559659,-32.2796122555965112194253581928,7.820132211936845e-14
273,-2000.0320521087522,-100.03745007231265,32950073.499817353,-2000.0320521087522,-2000.03205210875216835120227188,1.1807116206238633e-36
274,-1000.2156420376372,1999.7681037772104,4.627869229712774e-08,982.6638775482248,982.663877548224810767305649938,2.1258574809757698e-14
275,-99.85146230920864,999.8880706624562,25086.811403819684,910.1667058981956,910.166705898195514803647953734,5.855066659329838e-14
276,-1000.0600584579526,-10000.01742698491,2.712728821165631e+16,-1000.0600584579526,-1000.06005845795255027042003348,0.0
277,1000.2301621426292,-1999.9042560714759,2917522.122762085,-14.88624522589464,-14.8862452258945908052382503354,4.969291608066328e-14
278,-710.0389129929179,710.0415239007671,1.0482719889565462e+17,39.19370057242145,39.1937005724214557615646377927,7.0925175429111965e-15
279,709.8993257517482,0.15876521444592828,1.1473525629787102e-19,43.611659597610924,43.6116595976108670152833871155,5.6795578617641394e-14
280,-99.90294916504331,-1999.7510712694552,752154.30385003,-99.90294916504331,-99.9029491650433101312955841422,3.0832404617944107e-38
281,710.1220572459467,9999.882844937474,2.682698810833178e-05,9999.882844937474,9999.88284493747414671815931797,0.0
282,-710.2148064203163,1000.1615533377875,10237515212.136274,312.99607168951866,312.996071689518611762650489291,4.6114110209564235e-14
283,-999.859286706004,-1999.9115738475853,220607.561393669,-999.859286706004,-999.859286706004013467463664711,0.0
284,-10000.203414126674,9999.955221164142,2.8796503986941443e-12,-26.821545181022884,-26.8215451810231897450251284034,3.055372474494369e-13
285,0.0998551507254844,-710.1375265902095,88182271592001.3,-32.11042705637936,-32.1104270563793607650472013527,3.0852310347152138e-15
286,1000.0796837034512,-9999.774272422594,3.446258135791193e-09,19.485976792826932,19.4859767928269320893421980779,2.0195192400711393e-17
287,-1000.0113310178496,10000.049691451499,6.501748295044142e-07,8985.792335891896,8985.79233589189531275970872414,7.602482474230557e-13
288,999.9062266993428,-99.93461225121044,5.215338140638786e-21,46.70268302651675,46.7026830265168086550851016313,5.680319859078232e-14
289,100.04031357526179,2000.0748048545804,109863.62035890081,2000.0748048545804,2000.07480485458040675439406186,3.252295064456768e-49
290,-100.10291414927534,-999.7757671813852,17.62887741608441,-100.10291414927534,-100.102914149275335375932627358,5.916725490205098e-43
291,-1000.227003939868,-9999.877439558626,5.613734880543505e+16,-1000.227003939868,-1000.2270039398680410158704035,0.0
292,9999.810636899114,710.0386887181187,1.4755278429466452e-19,710.0386887181176,710.038688718118692122516222298,1.1368683772161603e-12
293,0.2144724527617664,-0.2089993442404845,0.0002892004373756589,0.21434876595695335,0.214348765956953350291835894768,3.735389745360784e-18
294,-0.09562512266163203,1999.963337699384,0.05634644307874859,1996.941536521738,1996.94153652173813875616162259,9.472624498594224e-14
295,-99.99738306990027,1999.9577066815045,4.218291456607894,1901.3997537895686,1901.39975378956857371158357345,7.544222362703693e-14
296,999.8603813416017,2000.096631445577,116266835515186.97,2000.096631445577,2000.09663144557703162718098611,2.1590421387736112e-78
297,-10000.236719581586,1000.083319446485,13141720558.75981,-8976.854342353125,-8976.85434235312512646292184641,5.329619426016979e-13
298,2000.0726405577216,-1000.136436244668,9.838315020661213e-14,29.949906843253075,29.9499068432530144273296867714,6.04122650871768e-14
299,1000.1238353301646,-100.02348099023482,0.0012676731026144718,6.670572261713801,6.67057226171374744180957101348,5.335723381243584e-14
300,2000.133987528889,100.11216968030617,1.3010009204940087e-06,100.11216968030635,100.112169680306166696936998051,1.8474111129762605e-13
301,-709.9621551177186,0.1425498306074291,26.730641805698426,-706.501869729613,-706.501869729612987922484317876,2.486664176181686e-14
302,-709.8427379918434,-0.23464796915204855,9.736957850895828e-11,-709.8427379917664,-709.842737991766359744287459268,3.866451197295053e-14
303,2000.105229455039,10000.129475027195,417873413675.39386,10000.129475027195,10000.1294750271954399067908525,0.0
304,100.17223401412217,-1000.1361416555662,9.35838179180773e+18,-43.682804063945284,-43.6828040639452766798764261453,7.021410399671806e-15
305,710.1976497258719,999.8768330085643,9.922157213125682e-09,999.8768330085643,999.876833008564290139474906027,1.0795210693868056e-78
306,100.11054955263637,710.2190974986296,1.2818361953211621e+19,710.2190974986296,710.219097498629594156227540225,2.5984132272979414e-63
307,1999.9432289538536,9999.802408655054,1.143424150306273e-12,9999.802408655056,9999.8024086550540232565253973,1.8189894035458565e-12
308,709.8822242822228,1000.1398580397824,194355128783453.72,1000.1398580397824,1000.13985803978243893652688712,1.0795210693868056e-78
309,-10000.111438230751,-1000.1730605635887,5.2508430827202905e-05,-10000.111438230751,-10000.1114382307514460990205407,0.0
310,-0.0964524439274212,9999.982349287418,25609.621533810056,9999.982306286645,9999.98230628664505160896512347,2.739902731530165e-13
311,-1999.828101466577,-999.9558213282664,14374.503923592862,-1999.828101466577,-1999.82810146657698169292416424,0.0
312,0.1253838540785207,-709.901425593741,9.464133659688865e-06,0.12537312575030898,0.1253731257503089817100553891,1.829171980774005e-18
313,-100.09551254238696,0.019754858551826127,3.448396600343742e-14,-100.09551254238693,-100.095512542386920884396505979,6.750255732360005e-15
314,-99.82403881654278,-100.01635974751404,442693.2231056173,-99.82403881654278,-99.8240388165427816602459643036,3.4356376195909175e-39
315,709.9972800053869,-999.9792780957706,7.052046963507298e-06,11.862192633849645,11.8621926338496770323364711406,3.1969753903806404e-14
316,-999.8850517003328,-100.14443937942846,4661.173612839501,-999.8850517003328,-999.885051700332837754103820771,1.5007828680509727e-40
317,709.8862872899166,-0.10068694402834294,3.919638323540506e+19,-0.10068694402832534,-0.100686944028342939521743033342,1.7597006725196055e-14
318,710.1851183378034,-9999.89270994204,27946437745935.957,-30.961310856456635,-30.961310856456680847819782543,4.623745230932814e-14
319,-999.8166294973513,99.9616822291549,6.308493818321864e-06,-911.8285608756721,-911.828560875672161910450793168,5.1568612232169664e-14
320,2000.127698796549,100.17522243986305,1.9325059151515827e-19,100.17522243986309,100.175222439863048862207506479,4.263256414544445e-14
321,999.9699560863513,999.9884492522624,90.42303140642268,999.9884492522626,999.988449252262398658785969019,2.2737367544323206e-13
322,-100.08889272589585,709.8387102964994,1415307.1199413668,623.9126746820068,623.912674682006892683570072738,8.344883451679109e-14
323,-10000.114245696739,-99.92823108543072,2694424906959.858,-10000.114245696739,-10000.1142456967390899080783129,1.0769281709485193e-31
324,9999.933285316285,-709.96739178289,2.3030299188640707e+19,-44.583342378897214,-44.5833423788976829751016910397,4.688995512540662e-13
325,0.1160926918976542,1999.9203402307783,3067273.952147387,1999.9203399404903,1999.92033994049035105707054134,5.717300274516979e-14
326,-1000.0256233352179,2000.1628724126183,15770369808.161781,1023.6186477651522,1023.61864776515216847475164242,4.9723884904309294e-14
327,0.10341246751460026,-99.98289007205435,725381845929.6997,-27.309964037193936,-27.3099640371939354874476485759,3.4997438333333446e-16
328,999.9708865430895,9999.885732756275,3.355499431949138e-16,9999.885732756275,9999.88573275627459224779158831,0.0
329,100.09003805552466,10000.097420623035,9717205.22174045,10000.097420623035,10000.0974206230348499957472086,3.4987056321403995e-51
330,-9999.816861816185,999.9747346545103,58484991837928.46,-8968.142335874203,-8968.14233587420224585941566663,8.810181306437935e-13
331,-1000.00328175021,2000.0345264582554,5.270842015819137e-05,990.1805093681634,990.180509368163470208729111952,9.949950311089788e-14
332,10000.142589811136,-10000.173171251276,3.166641519049787e-20,44.8990302913262,44.8990302913267598360047033994,5.613419428757398e-13
333,10000.065697198617,99.78187233850323,1.3268503004319622e-10,99.7818723385044,99.7818723385032342321210308,1.1652900866465643e-12
334,999.7644905091595,2000.0446905464494,2.179743891049875e+16,2000.0446905464494,2000.04469054644937386910896748,2.1590421387736112e-78
335,-9999.78396132218,0.1032026346981269,79.17102296235554,-9995.297820379108,-9995.29782037910755734712495047,5.313259674744015e-13
336,10000.021999207804,0.24628797945222203,4.49580936514668e-17,37.64080087019647,37.640800870196841310045934375,3.6950436166590047e-13
337,-10000.228904860605,0.014277972333081923,2.949194243774457e-16,-10000.228904860605,-10000.2289048606053253670957684,2.9916048055215227e-16
338,100.18048555274981,710.0334055034106,8.04253018168612e-12,710.0334055034106,710.03340550341056314209708944,3.861670643675085e-33
339,-9999.75200168685,-710.2298163149825,3.022361301857857e-21,-9999.75200168685,-9999.75200168684932577889412642,0.0
340,1999.7925318956156,-710.125599902046,1.3643304456173628,-0.31066379226331264,-0.310663792263343742116014120036,3.109848930930799e-14
341,1000.0212969658779,-10000.061675146737,3.909764342660963e-05,10.149448363208535,10.1494483632084797945448648813,5.5034482620221093e-14
342,-10000.049270642943,-9999.991726395197,3.9478094424012125,-10000.049270642943,-10000.0492706429431564174592495,0.0
343,-99.96023247892492,-2000.1611561087614,1.257130510838193e+19,-99.96023247892492,-99.9602324789249223613296640315,4.866346081779876e-25
344,-10000.164212631435,-1999.7654412510963,1.8643815963200635e+18,-10000.164212631435,-10000.1642126314345659920945764,0.0
345,-100.07777091346188,-710.0143157158342,26505502014687.086,-100.07777091346188,-100.077770913461876034489250742,9.122468350369708e-31
346,1999.9568825092974,1999.9409840879073,1.5969452575441848e-21,1999.9409840879073,1999.94098408790728171879891306,2.1590421387736112e-78
347,-99.79812736262222,1000.1717696763471,1.4648527841394236e+16,937.5967585504073,937.596758550407322785604694251,2.126050233342855e-14
348,-99.81631397145547,710.0965891066244,0.00019074828875124353,601.7157192761691,601.715719276169028927362625009,9.596875160142205e-14
349,-999.8652458899536,-999.8413759281907,10631526.294634733,-999.8652458899536,-999.865245889953598634747322649,0.0
350,0.2184074570887028,1000.1620796955573,3442080.6064409195,1000.1620794620363,1000.16207946203637941931189293,4.8140516050852245e-14
351,-999.904870557673,-999.9390834837758,1070068253.1596296,-999.904870557673,-999.904870557673007169796619564,0.0
352,-100.23261774115568,-100.0389173828137,2.0313653309459733e-05,-100.23261774115568,-100.232617741155678459108457901,1.2799290576144411e-49
353,-1999.8649894430812,-709.7930395860503,4.216412512550938e-17,-1999.8649894430812,-1999.8649894430811855272622779,0.0
354,1000.1362088417023,-999.9410181176918,2.207701249805309,-0.7919518157302718,-0.791951815730296232360660218509,2.4385955429755956e-14
355,709.8703385165138,999.847473709858,43444472.66919118,999.8474737098581,999.847473709858036272635217756,1.1368683772161603e-13
356,-100.0570138582681,-100.07457850512291,1059372.9207046772,-100.0570138582681,-100.057013858268106787363649346,6.481428937997051e-40
357,-99.89058819104046,710.1625468740821,33286006774529.28,641.4081168906596,641.408116890659549411249550687,3.5485389438761746e-14
358,709.9944244700496,-9999.996813356129,4.3071891688483275,-1.4602855263631227,-1.46028552636316982046350585103,4.712149616079211e-14
359,999.989739530836,-710.0164597586693,6052227960752633.0,-36.339202857138844,-36.3392028571387512360611805282,9.244699907809877e-14
360,1000.0434124771419,1999.965689640711,2.454145096185739e-21,1999.9656896407107,1999.96568964071093432721681893,2.2737367544323206e-13
361,9999.858997554333,100.124668778368,1.3016862121626014e-09,100.1246687783696,100.124668778368004495860077441,1.5916157281026244e-12
362,-709.8530797652514,-2000.1716324448576,7.225898277398579e+19,-709.8530797652514,-709.853079765251436583639588207,0.0
363,0.13164770385972524,1000.1375808467392,1.1894488788082816e-20,954.3910167635131,954.391016763513112702380718452,5.267534257632316e-15
364,-2000.2103576131642,-999.7643432962462,10910229913405.355,-2000.2103576131642,-2000.2103576131642057589488104,0.0
365,10000.013871032574,-1999.8010278039624,2.952650700568591e-19,42.66641345741664,42.6664134574172280846163993905,5.898183212047646e-13
366,100.07545120239925,10000.040590426848,1.3167582647960526e+16,10000.040590426848,10000.0405904268482117913663387,2.619857778577805e-60
367,-0.20848388217617098,-100.13214718548093,3.5009320567398606e-15,-0.2084838821761738,-0.208483882176173818058874571106,1.103736148641376e-17
368,9999.968634570223,9999.970753795671,2.0819545190652935e-15,9999.970753795671,9999.97075379567104391753673553,0.0
369,710.0532701944277,99.9034352999809,210.43724039233211,99.90343529998086,99.9034352999808987760843592696,4.263256414560601e-14
370,-9999.91396987314,-999.9383602659179,1.2288305730747385e-14,-9999.91396987314,-9999.91396987313964928034693003,0.0
371,99.93457206274661,-9999.89611604406,3.534806530213349e-05,10.250266896903483,10.2502668969034812137356857609,1.7023234613400319e-15
372,-1999.8056323275684,100.02796819954251,3.2170347282490784e-16,-1935.4505655725038,-1935.45056557250385509748075454,3.553056221751725e-14
373,-1000.013492877998,99.9130426231356,2.7810454798891227e-22,-949.7344953718236,-949.734495371823648188399239308,7.080632350272651e-15
374,-100.00860564478172,-1000.0861133230974,3.003053277603168e-18,-100.00860564478172,-100.008605644781724208769446705,1.1075860132612206e-61
375,-2000.1533175876195,100.12849973561735,5.51741864683117e-19,-1942.0660245044196,-1942.06602450441970113955755544,9.941344466817469e-14
376,-2000.0463315671088,-99.75404689255382,2.635428542142372e-08,-2000.0463315671088,-2000.04633156710883667983580381,1.2537736324762202e-51
377,709.7796476665244,9999.982889062936,3.3835030518596764e-17,9999.982889062936,9999.98288906293601030483841896,0.0
378,-2000.1386885515508,-9999.869689484078,5.750583135869963e-10,-2000.1386885515508,-2000.1386885515507856325712055,0.0
379,-1000.042385578744,710.1936429095671,5.5280054222006826e+20,-242.0872137419699,-242.087213741969890213643682031,3.418188246951462e-17
380,710.2347100153876,999.9991108838819,1.7393976590220354e+19,999.9991108838817,999.99911088388194002618547529,2.2737367544323206e-13
381,0.1729262492532811,-1000.0676953250133,1.973518316672124e+18,-42.12634957128398,-42.12634957128398130852441729,3.173194319894316e-17
382,-10000.177220419948,-1999.7516348394752,6.534603204088759e-22,-10000.177220419948,-10000.1772204199478437658399343,0.0
383,-9999.841439273647,9999.969585071842,156920991214.27026,25.907154073147467,25.9071540731481598635680855324,6.928752653182556e-13
384,-709.7866653147029,9999.758702466324,4.218068540396432e-16,9254.570052995143,9254.57005299514263898390958797,1.2077134420383594e-13
385,2000.0319763714886,-999.8866170218129,518777995034096.9,-33.88249715234815,-33.8824971523481153770240008723,3.54713870227445e-14
386,1000.2133441483832,-1000.1845200481596,10951.741959143299,-9.301253805619126,-9.30125380561906930582152879177,5.6763537952542913e-14
387,-10000.043143819921,-1999.793177506673,0.0015103220105634164,-10000.043143819921,-10000.0431438199211697792634368,0.0
388,10000.113906500155,999.9701787183,0.2464707331926987,999.9701787183003,999.970178718299962383753154427,3.410605131648481e-13
389,-710.02002762354,-10000.020441939667,182.69331471573878,-710.02002762354,-710.020027623540045169647783041,0.0
390,2000.0847390726333,-99.86647469946436,0.016255375267425622,4.1193316392161705,4.11933163921618378767698940441,1.3272393978504389e-14
391,-1999.8021651985134,-999.7756540130135,530190263.3835018,-1999.8021651985134,-1999.80216519851342127367388457,0.0
392,100.03832757881813,1999.978319912436,1012084077204.4784,1999.9783199124363,1999.97831991243606353236827999,2.2737367544323206e-13
393,9999.751289509795,100.24303603818193,402164712.22315896,100.24303603818225,100.2430360381819269832703867,3.268496584496461e-13
394,9999.776403202135,-0.12910919718302244,7.837897150467707e+16,-0.12910919718342484,-0.129109197183022424897824877667,4.0241485210741146e-13
395,-0.0889209245885586,-710.1329376896057,3.885604588266069e-15,-0.08892092458856216,-0.088920924588562158050382783143,2.2955821409717875e-18
396,2000.1089428286846,2000.0558358761996,1010.0350423375291,2000.0558358761994,2000.05583587619958052528090775,2.2737367544323206e-13
397,-2000.1306077216072,-1000.2080798037748,1.555811470904934e+19,-2000.1306077216072,-2000.13060772160724809509702027,0.0
398,-709.8896898685056,-1999.8791129136687,5.124145942641006e-11,-709.8896898685056,-709.889689868505570302659180015,0.0
399,-0.22986335334107227,-1000.1256469991384,16924.14637987108,-9.736571015243891,-9.73657101524389095796328667538,1.6716052294023583e-16
